title,name,medium,country,accessionyear,link,tag,wikidata
,,,,,,,
King Clothar I,,"Limestone, originally polychromed.",,1940,https://www.metmuseum.org/art/collection/search/473770,"[{'term': 'Doorways', 'AAT_URL': 'http://vocab.getty.edu/page/aat/300002767', 'Wikidata_URL': 'https://www.wikidata.org/wiki/Q21263223'}, {'term': 'Kings', 'AAT_URL': 'http://vocab.getty.edu/page/aat/300025481', 'Wikidata_URL': 'https://www.wikidata.org/wiki/Q12097'}, {'term': 'Men', 'AAT_URL': 'http://vocab.getty.edu/page/aat/300025928', 'Wikidata_URL': 'https://www.wikidata.org/wiki/Q8441'}]",https://www.wikidata.org/wiki/Q82295060
The Demidoff Table,Lorenzo Bartolini,Marble,,1903,https://www.metmuseum.org/art/collection/search/188827,"[{'term': 'Boys', 'AAT_URL': 'http://vocab.getty.edu/page/aat/300247598', 'Wikidata_URL': 'https://www.wikidata.org/wiki/Q3010'}, {'term': 'Sleeping', 'AAT_URL': 'http://vocab.getty.edu/page/aat/300375130', 'Wikidata_URL': 'https://www.wikidata.org/wiki/Q35831'}, {'term': 'Zodiac', 'AAT_URL': 'http://vocab.getty.edu/page/aat/300009937', 'Wikidata_URL': 'https://www.wikidata.org/wiki/Q40540'}]",https://www.wikidata.org/wiki/Q116374165
King Clovis I,,Limestone with traces of paint,France,1940,https://www.metmuseum.org/art/collection/search/473769,"[{'term': 'Doorways', 'AAT_URL': 'http://vocab.getty.edu/page/aat/300002767', 'Wikidata_URL': 'https://www.wikidata.org/wiki/Q21263223'}, {'term': 'Kings', 'AAT_URL': 'http://vocab.getty.edu/page/aat/300025481', 'Wikidata_URL': 'https://www.wikidata.org/wiki/Q12097'}, {'term': 'Men', 'AAT_URL': 'http://vocab.getty.edu/page/aat/300025928', 'Wikidata_URL': 'https://www.wikidata.org/wiki/Q8441'}]",https://www.wikidata.org/wiki/Q20201836
"Dance in a Subterranean Roundhouse at Clear Lake, California",Jules Tavernier,Oil on canvas,United States,2016,https://www.metmuseum.org/art/collection/search/698529,"[{'term': 'Dancers', 'AAT_URL': 'http://vocab.getty.edu/page/aat/300025653', 'Wikidata_URL': 'https://www.wikidata.org/wiki/Q5716684'}, {'term': 'Men', 'AAT_URL': 'http://vocab.getty.edu/page/aat/300025928', 'Wikidata_URL': 'https://www.wikidata.org/wiki/Q8441'}, {'term': 'Women', 'AAT_URL': 'http://vocab.getty.edu/page/aat/300025943', 'Wikidata_URL': 'https://www.wikidata.org/wiki/Q467'}, {'term': 'Dancing', 'AAT_URL': 'http://vocab.getty.edu/page/aat/300389779', 'Wikidata_URL': 'https://www.wikidata.org/wiki/Q43393537'}]",https://www.wikidata.org/wiki/Q78614308
Ē luku wale ē,Mark Hamasaki,,,,https://www.metmuseum.org/art/collection/search/890008,,
Brother and Sister (Le frère et la soeur),Auguste Rodin,Bronze,,1908,https://www.metmuseum.org/art/collection/search/191081,"[{'term': 'Boys', 'AAT_URL': 'http://vocab.getty.edu/page/aat/300247598', 'Wikidata_URL': 'https://www.wikidata.org/wiki/Q3010'}, {'term': 'Girls', 'AAT_URL': 'http://vocab.getty.edu/page/aat/300247581', 'Wikidata_URL': 'https://www.wikidata.org/wiki/Q3031'}]",https://www.wikidata.org/wiki/Q116240830
Seated Female Figure (from Day of the Hours Sundial),Paul Manship,Bronze and marble,,2018,https://www.metmuseum.org/art/collection/search/812711,,https://www.wikidata.org/wiki/Q116445194
Vase,Arthur J. Stone,silver and gold,United States,2011,https://www.metmuseum.org/art/collection/search/20895,"[{'term': 'Grapes', 'AAT_URL': 'http://vocab.getty.edu/page/aat/300379338', 'Wikidata_URL': 'https://www.wikidata.org/wiki/Q10978'}]",https://www.wikidata.org/wiki/Q83562007
Vase,Arthur J. Stone,silver and gold,United States,2011,https://www.metmuseum.org/art/collection/search/20894,,https://www.wikidata.org/wiki/Q83562005
Walking ensemble,,silk,,1926,https://www.metmuseum.org/art/collection/search/81108,,https://www.wikidata.org/wiki/Q29383407
Doorway from Moutiers-Saint-Jean,,White oolitic limestone with traces of paint,France,1932,https://www.metmuseum.org/art/collection/search/470313,"[{'term': 'Christ', 'AAT_URL': 'http://vocab.getty.edu/page/ia/901000087', 'Wikidata_URL': 'https://www.wikidata.org/wiki/Q642420'}, {'term': 'Coronation of the Virgin', 'AAT_URL': 'http://vocab.getty.edu/page/ia/901000780', 'Wikidata_URL': 'https://www.wikidata.org/wiki/Q1093370'}, {'term': 'Angels', 'AAT_URL': 'http://vocab.getty.edu/page/aat/300379004', 'Wikidata_URL': 'https://www.wikidata.org/wiki/Q235113'}, {'term': 'Virgin Mary', 'AAT_URL': 'http://vocab.getty.edu/page/ia/901000032', 'Wikidata_URL': 'https://www.wikidata.org/wiki/Q345'}, {'term': 'Men', 'AAT_URL': 'http://vocab.getty.edu/page/aat/300025928', 'Wikidata_URL': 'https://www.wikidata.org/wiki/Q8441'}]",https://www.wikidata.org/wiki/Q20201347
Dinner dress,Mme. Grapanche,silk,,1963,https://www.metmuseum.org/art/collection/search/82880,,https://www.wikidata.org/wiki/Q29383492
Bronze finial of two warriors from a candelabrum,,Bronze,,1947,https://www.metmuseum.org/art/collection/search/254576,"[{'term': 'Men', 'AAT_URL': 'http://vocab.getty.edu/page/aat/300025928', 'Wikidata_URL': 'https://www.wikidata.org/wiki/Q8441'}]",https://www.wikidata.org/wiki/Q116286905
Vase,Maija Grotell,Stoneware,United States,2017,https://www.metmuseum.org/art/collection/search/19948,,https://www.wikidata.org/wiki/Q116393720
"""Damaged Bone Series""",Michael Aschenbrenner,"Glass, fabric, wire, twigs",,2003,https://www.metmuseum.org/art/collection/search/490145,,
Mummy of Nesiamun,,"Human remains, linen, mummification material",Egypt,1926,https://www.metmuseum.org/art/collection/search/575557,"[{'term': 'Mummies', 'AAT_URL': 'http://vocab.getty.edu/page/aat/300262951', 'Wikidata_URL': 'https://www.wikidata.org/wiki/Q43616'}]",https://www.wikidata.org/wiki/Q116251945
Landscape at Olevano Romano,Johann Joachim Faber,"Oil on paper, laid down on cardboard",,2009,https://www.metmuseum.org/art/collection/search/440386,"[{'term': 'Mountains', 'AAT_URL': 'http://vocab.getty.edu/page/aat/300008795', 'Wikidata_URL': 'https://www.wikidata.org/wiki/Q8502'}, {'term': 'Landscapes', 'AAT_URL': 'http://vocab.getty.edu/page/aat/300132294', 'Wikidata_URL': 'https://www.wikidata.org/wiki/Q191163'}]",https://www.wikidata.org/wiki/Q20168211
Male figure (tiki) representing the deity Rongo,,Wood,Mangareva,1979,https://www.metmuseum.org/art/collection/search/313654,"[{'term': 'Male Nudes', 'AAT_URL': 'http://vocab.getty.edu/page/aat/300189568', 'Wikidata_URL': 'https://www.wikidata.org/wiki/Q40446'}, {'term': 'Deities', 'AAT_URL': 'http://vocab.getty.edu/page/aat/300343850', 'Wikidata_URL': 'https://www.wikidata.org/wiki/Q178885'}]",https://www.wikidata.org/wiki/Q81388504
"The Antioch ""Chalice""",,"Silver, silver-gilt",,1950,https://www.metmuseum.org/art/collection/search/468346,"[{'term': 'Birds', 'AAT_URL': 'http://vocab.getty.edu/page/aat/300266506', 'Wikidata_URL': 'https://www.wikidata.org/wiki/Q5113'}, {'term': 'Christ', 'AAT_URL': 'http://vocab.getty.edu/page/ia/901000087', 'Wikidata_URL': 'https://www.wikidata.org/wiki/Q642420'}, {'term': 'Animals', 'AAT_URL': 'http://vocab.getty.edu/page/aat/300249525', 'Wikidata_URL': 'https://www.wikidata.org/wiki/Q729'}, {'term': 'Grapes', 'AAT_URL': 'http://vocab.getty.edu/page/aat/300379338', 'Wikidata_URL': 'https://www.wikidata.org/wiki/Q10978'}]",https://www.wikidata.org/wiki/Q29385468
"Lakshmi, Goddess of Prosperity",,Brass,,2014,https://www.metmuseum.org/art/collection/search/78910,"[{'term': 'Goddess', 'AAT_URL': 'http://vocab.getty.edu/page/aat/300343852', 'Wikidata_URL': 'https://www.wikidata.org/wiki/Q205985'}, {'term': 'Hinduism', 'AAT_URL': 'http://vocab.getty.edu/page/aat/300073727', 'Wikidata_URL': 'https://www.wikidata.org/wiki/Q9089'}]",https://www.wikidata.org/wiki/Q116374168
"Study of arms for ""The Cadence of Autumn""",Evelyn De Morgan,Graphite and pastel on brown paper,,2018,https://www.metmuseum.org/art/collection/search/785496,"[{'term': 'Hands', 'AAT_URL': 'http://vocab.getty.edu/page/aat/300310193', 'Wikidata_URL': 'https://www.wikidata.org/wiki/Q33767'}, {'term': 'Arms', 'AAT_URL': 'http://vocab.getty.edu/page/aat/300310201', 'Wikidata_URL': 'https://www.wikidata.org/wiki/Q43471'}]",https://www.wikidata.org/wiki/Q96185590
"Study of Arms for ""The Cadence of Autumn""",Evelyn De Morgan,Graphite and pastel on brown paper,,2018,https://www.metmuseum.org/art/collection/search/785466,"[{'term': 'Hands', 'AAT_URL': 'http://vocab.getty.edu/page/aat/300310193', 'Wikidata_URL': 'https://www.wikidata.org/wiki/Q33767'}, {'term': 'Arms', 'AAT_URL': 'http://vocab.getty.edu/page/aat/300310201', 'Wikidata_URL': 'https://www.wikidata.org/wiki/Q43471'}]",https://www.wikidata.org/wiki/Q96185587
Goddess with Foliage,Wifredo Lam,Gouache on paper,,2002,https://www.metmuseum.org/art/collection/search/492777,"[{'term': 'Goddess', 'AAT_URL': 'http://vocab.getty.edu/page/aat/300343852', 'Wikidata_URL': 'https://www.wikidata.org/wiki/Q205985'}]",https://www.wikidata.org/wiki/Q20191848
Untitled,Nasreen Mohamedi,"Black ink, wash, and graphite on paper",,2019,https://www.metmuseum.org/art/collection/search/661423,,
Tiraz Fragment,,"Linen, gold leaf, black ink; plain weave, block printed",Egypt,1948,https://www.metmuseum.org/art/collection/search/450753,"[{'term': 'Arabic', 'AAT_URL': 'http://vocab.getty.edu/page/aat/300387843', 'Wikidata_URL': 'https://www.wikidata.org/wiki/Q13955'}]",https://www.wikidata.org/wiki/Q116251802
Spandrel,,Marble,,1947,https://www.metmuseum.org/art/collection/search/470602,,https://www.wikidata.org/wiki/Q116256455
Pectoral and Necklace of Sithathoryunet with the Name of Senwosret II,,"Gold, carnelian, lapis lazuli, turquoise, garnet (pectoral)
Gold, carnelian, lapis lazuli, turquoise, green feldspar (necklace)",Egypt,1916,https://www.metmuseum.org/art/collection/search/544232,"[{'term': 'Falcons', 'AAT_URL': 'http://vocab.getty.edu/page/aat/300250051', 'Wikidata_URL': 'https://www.wikidata.org/wiki/Q43489'}, {'term': 'Hieroglyphs', 'AAT_URL': 'http://vocab.getty.edu/page/aat/300028721', 'Wikidata_URL': 'https://www.wikidata.org/wiki/Q193762'}, {'term': 'Sithathoryunet-Jewelry', 'AAT_URL': None, 'Wikidata_URL': None}]",https://www.wikidata.org/wiki/Q29385778
Skull Hook (Agiba),,"Wood, paint, plant fiber",Papua New Guinea,1978,https://www.metmuseum.org/art/collection/search/311237,,https://www.wikidata.org/wiki/Q81390106
A Woman with a Dog,Giacomo Ceruti,Oil on canvas,,1930,https://www.metmuseum.org/art/collection/search/435864,"[{'term': 'Portraits', 'AAT_URL': 'http://vocab.getty.edu/page/aat/300015637', 'Wikidata_URL': 'https://www.wikidata.org/wiki/Q134307'}, {'term': 'Women', 'AAT_URL': 'http://vocab.getty.edu/page/aat/300025943', 'Wikidata_URL': 'https://www.wikidata.org/wiki/Q467'}, {'term': 'Dogs', 'AAT_URL': 'http://vocab.getty.edu/page/aat/300265714', 'Wikidata_URL': 'https://www.wikidata.org/wiki/Q144'}]",https://www.wikidata.org/wiki/Q19905690
Joshua and David (from the Heroes Tapestries),,"Wool warp, wool wefts",,1932,https://www.metmuseum.org/art/collection/search/468230,"[{'term': 'Falcons', 'AAT_URL': 'http://vocab.getty.edu/page/aat/300250051', 'Wikidata_URL': 'https://www.wikidata.org/wiki/Q43489'}, {'term': 'Bow and Arrow', 'AAT_URL': None, 'Wikidata_URL': 'https://www.wikidata.org/wiki/Q19827042'}, {'term': 'Kings', 'AAT_URL': 'http://vocab.getty.edu/page/aat/300025481', 'Wikidata_URL': 'https://www.wikidata.org/wiki/Q12097'}, {'term': 'Women', 'AAT_URL': 'http://vocab.getty.edu/page/aat/300025943', 'Wikidata_URL': 'https://www.wikidata.org/wiki/Q467'}, {'term': 'Cheetahs', 'AAT_URL': 'http://vocab.getty.edu/page/aat/300266537', 'Wikidata_URL': 'https://www.wikidata.org/wiki/Q23907'}, {'term': 'Dogs', 'AAT_URL': 'http://vocab.getty.edu/page/aat/300265714', 'Wikidata_URL': 'https://www.wikidata.org/wiki/Q144'}, {'term': 'Knights', 'AAT_URL': 'http://vocab.getty.edu/page/aat/300230874', 'Wikidata_URL': 'https://www.wikidata.org/wiki/Q102083'}, {'term': 'Men', 'AAT_URL': 'http://vocab.getty.edu/page/aat/300025928', 'Wikidata_URL': 'https://www.wikidata.org/wiki/Q8441'}, {'term': 'David', 'AAT_URL': 'http://vocab.getty.edu/page/ia/901001014', 'Wikidata_URL': 'https://www.wikidata.org/wiki/Q41370'}, {'term': 'Coat of Arms', 'AAT_URL': 'http://vocab.getty.edu/page/aat/300126352', 'Wikidata_URL': 'https://www.wikidata.org/wiki/Q14659'}]",https://www.wikidata.org/wiki/Q20201215
Vase,Maija Grotell,Earthenware,United States,2020,https://www.metmuseum.org/art/collection/search/715551,,https://www.wikidata.org/wiki/Q116726593
Shock Dog (nickname for a dog of the Maltese breed),Anne Seymour Damer,Carrara marble,,2014,https://www.metmuseum.org/art/collection/search/642422,"[{'term': 'Dogs', 'AAT_URL': 'http://vocab.getty.edu/page/aat/300265714', 'Wikidata_URL': 'https://www.wikidata.org/wiki/Q144'}]",https://www.wikidata.org/wiki/Q96185494
Sandy Rodriguez : Codex Rodriguez-Mondragón,Sandy Rodriguez,,,,https://www.metmuseum.org/art/collection/search/889938,,
Tiraz Fragment,,Silk; tapestry weave,Egypt,1931,https://www.metmuseum.org/art/collection/search/448649,"[{'term': 'Birds', 'AAT_URL': 'http://vocab.getty.edu/page/aat/300266506', 'Wikidata_URL': 'https://www.wikidata.org/wiki/Q5113'}]",
Seated couple,Barnes Foundation Master,"Wood, copper and iron alloy, applied organic materials",Mali,1977,https://www.metmuseum.org/art/collection/search/310325,"[{'term': 'Couples', 'AAT_URL': 'http://vocab.getty.edu/page/aat/300379217', 'Wikidata_URL': 'https://www.wikidata.org/wiki/Q219160'}, {'term': 'Men', 'AAT_URL': 'http://vocab.getty.edu/page/aat/300025928', 'Wikidata_URL': 'https://www.wikidata.org/wiki/Q8441'}, {'term': 'Male Nudes', 'AAT_URL': 'http://vocab.getty.edu/page/aat/300189568', 'Wikidata_URL': 'https://www.wikidata.org/wiki/Q40446'}, {'term': 'Women', 'AAT_URL': 'http://vocab.getty.edu/page/aat/300025943', 'Wikidata_URL': 'https://www.wikidata.org/wiki/Q467'}, {'term': 'Female Nudes', 'AAT_URL': 'http://vocab.getty.edu/page/aat/300189568', 'Wikidata_URL': 'https://www.wikidata.org/wiki/Q40446'}]",https://www.wikidata.org/wiki/Q29384233
Bowl,Maija Grotell,Stoneware,United States,2020,https://www.metmuseum.org/art/collection/search/715529,,https://www.wikidata.org/wiki/Q116726585
Cloudy mountains,Fa Ruozhen,"Hanging scroll, ink and color on silk",,2010,https://www.metmuseum.org/art/collection/search/75745,"[{'term': 'Mountains', 'AAT_URL': 'http://vocab.getty.edu/page/aat/300008795', 'Wikidata_URL': 'https://www.wikidata.org/wiki/Q8502'}, {'term': 'Landscapes', 'AAT_URL': 'http://vocab.getty.edu/page/aat/300132294', 'Wikidata_URL': 'https://www.wikidata.org/wiki/Q191163'}]",https://www.wikidata.org/wiki/Q78667761
Plaque with Madonna and Child,Maija Grotell,Earthenware,United States,2020,https://www.metmuseum.org/art/collection/search/715550,,https://www.wikidata.org/wiki/Q116444651
Vase,Maija Grotell,Earthenware,United States,2020,https://www.metmuseum.org/art/collection/search/715554,,https://www.wikidata.org/wiki/Q116444655
Vase with cityscape,Maija Grotell,Earthenware,United States,2020,https://www.metmuseum.org/art/collection/search/715556,,https://www.wikidata.org/wiki/Q116444656
Vase,Maija Grotell,Earthenware,United States,2020,https://www.metmuseum.org/art/collection/search/715558,,https://www.wikidata.org/wiki/Q116444657
Vase,Maija Grotell,Stoneware,,2020,https://www.metmuseum.org/art/collection/search/715552,,https://www.wikidata.org/wiki/Q116444652
‘Ghirlandaio’ Carpet,,"Wool (warp, weft, and pile); symmetrically knotted pile",Turkey,1974,https://www.metmuseum.org/art/collection/search/452575,,https://www.wikidata.org/wiki/Q116409812
Dying Magdalen Sustained by Angels,Claude Mellan,Engraving; second state of three,,1966,https://www.metmuseum.org/art/collection/search/392513,"[{'term': 'Angels', 'AAT_URL': 'http://vocab.getty.edu/page/aat/300379004', 'Wikidata_URL': 'https://www.wikidata.org/wiki/Q235113'}, {'term': 'Mary Magdalene', 'AAT_URL': 'http://vocab.getty.edu/page/ia/901000161', 'Wikidata_URL': 'https://www.wikidata.org/wiki/Q63070'}]",
Bowl,Maija Grotell,Stoneware,United States,2020,https://www.metmuseum.org/art/collection/search/715555,,https://www.wikidata.org/wiki/Q116726594
Vase with picnickers,Maija Grotell,Earthenware,United States,2020,https://www.metmuseum.org/art/collection/search/715553,"[{'term': 'Men', 'AAT_URL': 'http://vocab.getty.edu/page/aat/300025928', 'Wikidata_URL': 'https://www.wikidata.org/wiki/Q8441'}, {'term': 'Women', 'AAT_URL': 'http://vocab.getty.edu/page/aat/300025943', 'Wikidata_URL': 'https://www.wikidata.org/wiki/Q467'}]",https://www.wikidata.org/wiki/Q116444654
Stela of Amennakht,,"Sandstone, paint",Egypt,1965,https://www.metmuseum.org/art/collection/search/545875,"[{'term': 'Men', 'AAT_URL': 'http://vocab.getty.edu/page/aat/300025928', 'Wikidata_URL': 'https://www.wikidata.org/wiki/Q8441'}, {'term': 'Women', 'AAT_URL': 'http://vocab.getty.edu/page/aat/300025943', 'Wikidata_URL': 'https://www.wikidata.org/wiki/Q467'}, {'term': 'Hieroglyphs', 'AAT_URL': 'http://vocab.getty.edu/page/aat/300028721', 'Wikidata_URL': 'https://www.wikidata.org/wiki/Q193762'}]",https://www.wikidata.org/wiki/Q116243225
The Seated I,Wangechi Mutu,Bronze,,2020,https://www.metmuseum.org/art/collection/search/830453,,https://www.wikidata.org/wiki/Q96399249
Canopy,,Limestone,Portugal,2016,https://www.metmuseum.org/art/collection/search/701903,,https://www.wikidata.org/wiki/Q116298771
Outer coffin of Hapiankhtifi,,"Coniferous wood, paint, iron bolts, brass straps",Egypt,1912,https://www.metmuseum.org/art/collection/search/545442,"[{'term': 'Hieroglyphs', 'AAT_URL': 'http://vocab.getty.edu/page/aat/300028721', 'Wikidata_URL': 'https://www.wikidata.org/wiki/Q193762'}, {'term': 'Coffins', 'AAT_URL': 'http://vocab.getty.edu/page/aat/300197585', 'Wikidata_URL': 'https://www.wikidata.org/wiki/Q184418'}]",https://www.wikidata.org/wiki/Q116244178
,,,,,,,
Magical Water Jar of Sithathoryunet with Lid,,Travertine (Egyptian alabaster),Egypt,1921,https://www.metmuseum.org/art/collection/search/547789,"[{'term': 'Hieroglyphs', 'AAT_URL': 'http://vocab.getty.edu/page/aat/300028721', 'Wikidata_URL': 'https://www.wikidata.org/wiki/Q193762'}]",https://www.wikidata.org/wiki/Q116276324
Vase,University City Pottery,Porcelain,United States,2018,https://www.metmuseum.org/art/collection/search/19928,,https://www.wikidata.org/wiki/Q116393701
Flying Apsaras (Hiten),,Japanese cypress with lacquer and gold,,2015,https://www.metmuseum.org/art/collection/search/53167,"[{'term': 'Bodhisattvas', 'AAT_URL': 'http://vocab.getty.edu/page/aat/300264360', 'Wikidata_URL': 'https://www.wikidata.org/wiki/Q178149'}, {'term': 'Buddhism', 'AAT_URL': 'http://vocab.getty.edu/page/aat/300073738', 'Wikidata_URL': 'https://www.wikidata.org/wiki/Q748'}]",
Vase,University City Pottery,Porcelain,United States,2018,https://www.metmuseum.org/art/collection/search/20345,,https://www.wikidata.org/wiki/Q116393966
Vase,University City Pottery,Porcelain,United States,2018,https://www.metmuseum.org/art/collection/search/19987,,https://www.wikidata.org/wiki/Q116393748
Vase,University City Pottery,Porcelain,United States,2018,https://www.metmuseum.org/art/collection/search/20070,,https://www.wikidata.org/wiki/Q116393827
Bowl with fish,Maija Grotell,Stoneware,United States,2020,https://www.metmuseum.org/art/collection/search/715530,,https://www.wikidata.org/wiki/Q116444636
"Emblem Drawing (""Hope sustains me"")",Jacob Matham,"Pen and brown ink, brush and blue-gray wash; double framing lines in pen and brown ink, by the artist; framing lines in pen and brown ink, by a later hand",,2013,https://www.metmuseum.org/art/collection/search/428696,"[{'term': 'Buildings', 'AAT_URL': 'http://vocab.getty.edu/page/aat/300004789', 'Wikidata_URL': 'https://www.wikidata.org/wiki/Q41176'}, {'term': 'Bow and Arrow', 'AAT_URL': None, 'Wikidata_URL': 'https://www.wikidata.org/wiki/Q19827042'}, {'term': 'Men', 'AAT_URL': 'http://vocab.getty.edu/page/aat/300025928', 'Wikidata_URL': 'https://www.wikidata.org/wiki/Q8441'}, {'term': 'Boats', 'AAT_URL': 'http://vocab.getty.edu/page/aat/300178749', 'Wikidata_URL': 'https://www.wikidata.org/wiki/Q35872'}]",
Jumpsuit,Katharine Hamnett London,"Lycra, metal",,2019,https://www.metmuseum.org/art/collection/search/835298,,
Vase,University City Pottery,Porcelain,United States,2018,https://www.metmuseum.org/art/collection/search/20071,,https://www.wikidata.org/wiki/Q116393828
Pendant with a Pelican in Her Piety,,Rock crystal and enameled gold set with a ruby and with pendant pearls,,1982,https://www.metmuseum.org/art/collection/search/207263,"[{'term': 'Pelicans', 'AAT_URL': 'http://vocab.getty.edu/page/aat/300250083', 'Wikidata_URL': 'https://www.wikidata.org/wiki/Q19413'}]",https://www.wikidata.org/wiki/Q116309974
Doorknocker,,"Bronze, iron (hammer and suspension loop)",,1982,https://www.metmuseum.org/art/collection/search/207017,"[{'term': 'Monsters', 'AAT_URL': 'http://vocab.getty.edu/page/aat/300412118', 'Wikidata_URL': 'https://www.wikidata.org/wiki/Q276453'}]",https://www.wikidata.org/wiki/Q116307601
Satyr,Antico (Pier Jacopo Alari Bonacolsi),"Bronze, with remains of dark brown lacquer",,1982,https://www.metmuseum.org/art/collection/search/206996,"[{'term': 'Satyrs', 'AAT_URL': 'http://vocab.getty.edu/page/aat/300379732', 'Wikidata_URL': 'https://www.wikidata.org/wiki/Q163709'}]",https://www.wikidata.org/wiki/Q116307733
"Three Poems from the Collection of Poems Ancient and Modern (Kokin wakashū), one of the Araki Fragments (Araki-gire)",Fujiwara no Yukinari (Kōzei),Page from a booklet mounted as a hanging scroll; ink on paper,,2015,https://www.metmuseum.org/art/collection/search/53172,"[{'term': 'Poetry', 'AAT_URL': 'http://vocab.getty.edu/page/aat/300055931', 'Wikidata_URL': 'https://www.wikidata.org/wiki/Q482'}]",https://www.wikidata.org/wiki/Q78761438
The Rest on the Flight into Egypt,Gerard David,Oil on wood,,1949,https://www.metmuseum.org/art/collection/search/436101,"[{'term': 'Virgin Mary', 'AAT_URL': 'http://vocab.getty.edu/page/ia/901000032', 'Wikidata_URL': 'https://www.wikidata.org/wiki/Q345'}, {'term': 'Jesus', 'AAT_URL': 'http://vocab.getty.edu/page/ia/901000087', 'Wikidata_URL': 'https://www.wikidata.org/wiki/Q302'}, {'term': 'Nursing', 'AAT_URL': 'http://vocab.getty.edu/page/aat/300379905', 'Wikidata_URL': 'https://www.wikidata.org/wiki/Q174876'}, {'term': 'Madonna and Child', 'AAT_URL': 'http://vocab.getty.edu/page/ia/901000052', 'Wikidata_URL': 'https://www.wikidata.org/wiki/Q9309699'}]",https://www.wikidata.org/wiki/Q19911632
The Conquest of Naples by Charles of Durazzo,Master of Charles of Durazzo,"Tempera on wood, embossed and gilt ornament",,1907,https://www.metmuseum.org/art/collection/search/437001,"[{'term': 'Horses', 'AAT_URL': 'http://vocab.getty.edu/page/aat/300250148', 'Wikidata_URL': 'https://www.wikidata.org/wiki/Q726'}, {'term': 'Battles', 'AAT_URL': 'http://vocab.getty.edu/page/aat/300185692', 'Wikidata_URL': 'https://www.wikidata.org/wiki/Q178561'}, {'term': 'Army', 'AAT_URL': 'http://vocab.getty.edu/page/aat/300137542', 'Wikidata_URL': 'https://www.wikidata.org/wiki/Q37726'}, {'term': 'Kings', 'AAT_URL': 'http://vocab.getty.edu/page/aat/300025481', 'Wikidata_URL': 'https://www.wikidata.org/wiki/Q12097'}, {'term': 'Men', 'AAT_URL': 'http://vocab.getty.edu/page/aat/300025928', 'Wikidata_URL': 'https://www.wikidata.org/wiki/Q8441'}, {'term': 'Flags', 'AAT_URL': 'http://vocab.getty.edu/page/aat/300195678', 'Wikidata_URL': 'https://www.wikidata.org/wiki/Q14660'}]",https://www.wikidata.org/wiki/Q19911786
Rothschild lamp,"Andrea Briosco, called Riccio","Bronze, on a later wood base",,2008,https://www.metmuseum.org/art/collection/search/236643,"[{'term': 'Grotesques', 'AAT_URL': 'http://vocab.getty.edu/page/aat/300010211', 'Wikidata_URL': 'https://www.wikidata.org/wiki/Q218248'}, {'term': 'Putti', 'AAT_URL': 'http://vocab.getty.edu/page/aat/300250465', 'Wikidata_URL': 'https://www.wikidata.org/wiki/Q284865'}, {'term': 'Rams', 'AAT_URL': 'http://vocab.getty.edu/page/aat/300250287', 'Wikidata_URL': 'https://www.wikidata.org/wiki/Q2929800'}]",https://www.wikidata.org/wiki/Q29383699
Jhyālī,,Brass,Nepal,1986,https://www.metmuseum.org/art/collection/search/503279,,
Beaker,Paul Solanier,Gilded silver,,1933,https://www.metmuseum.org/art/collection/search/197434,,
Ball gown,House of Balenciaga,"silk, steel",,1958,https://www.metmuseum.org/art/collection/search/81102,,https://www.wikidata.org/wiki/Q68352096
Evening dress,Madame Grès (Germaine Émilie Krebs),silk,,1956,https://www.metmuseum.org/art/collection/search/83294,,
Sprite,Donatello,"High-copper alloy, fire-gilt, brown natural patina where exposed",,1983,https://www.metmuseum.org/art/collection/search/207394,,https://www.wikidata.org/wiki/Q29383657
Diptych with the Virgin and Child and the Crucifixion,,Elephant ivory with metal mounts,"Germany, possibly Mainz",1971,https://www.metmuseum.org/art/collection/search/471980,"[{'term': 'Angels', 'AAT_URL': 'http://vocab.getty.edu/page/aat/300379004', 'Wikidata_URL': 'https://www.wikidata.org/wiki/Q235113'}, {'term': 'Madonna and Child', 'AAT_URL': 'http://vocab.getty.edu/page/ia/901000052', 'Wikidata_URL': 'https://www.wikidata.org/wiki/Q9309699'}, {'term': 'Crucifixion', 'AAT_URL': 'http://vocab.getty.edu/page/aat/300404300', 'Wikidata_URL': 'https://www.wikidata.org/wiki/Q3235597'}]",https://www.wikidata.org/wiki/Q116411212
The Genius of Sculpture sustained by Study,Pierre Biard II,Etching,,1985,https://www.metmuseum.org/art/collection/search/822499,,
Snuffbox with Pastoral Scenes,,Gold and enamel,,1975,https://www.metmuseum.org/art/collection/search/460913,"[{'term': 'Boys', 'AAT_URL': 'http://vocab.getty.edu/page/aat/300247598', 'Wikidata_URL': 'https://www.wikidata.org/wiki/Q3010'}, {'term': 'Women', 'AAT_URL': 'http://vocab.getty.edu/page/aat/300025943', 'Wikidata_URL': 'https://www.wikidata.org/wiki/Q467'}, {'term': 'Shepherds', 'AAT_URL': 'http://vocab.getty.edu/page/aat/300025617', 'Wikidata_URL': 'https://www.wikidata.org/wiki/Q81710'}]",https://www.wikidata.org/wiki/Q20184795
Box with lid “Black and Red”,Gan Erke,Marbled lacquer (xipi) with gold foils,,2021,https://www.metmuseum.org/art/collection/search/838928,,
Fortuna,Giambologna,Bronze,,1924,https://www.metmuseum.org/art/collection/search/195180,"[{'term': 'Female Nudes', 'AAT_URL': 'http://vocab.getty.edu/page/aat/300189568', 'Wikidata_URL': 'https://www.wikidata.org/wiki/Q40446'}]",https://www.wikidata.org/wiki/Q116310591
Flowers in a Grotesque Vase,Orsola Maddalena Caccia,Oil on canvas,,2020,https://www.metmuseum.org/art/collection/search/816522,"[{'term': 'Flowers', 'AAT_URL': 'http://vocab.getty.edu/page/aat/300132399', 'Wikidata_URL': 'https://www.wikidata.org/wiki/Q506'}, {'term': 'Vases', 'AAT_URL': 'http://vocab.getty.edu/page/aat/300132254', 'Wikidata_URL': 'https://www.wikidata.org/wiki/Q191851'}, {'term': 'Peaches', 'AAT_URL': 'http://vocab.getty.edu/page/aat/300266272', 'Wikidata_URL': 'https://www.wikidata.org/wiki/Q13202263'}, {'term': 'Tulips', 'AAT_URL': 'http://vocab.getty.edu/page/aat/300379705', 'Wikidata_URL': 'https://www.wikidata.org/wiki/Q30345409'}, {'term': 'Still Life', 'AAT_URL': 'http://vocab.getty.edu/page/aat/300015638', 'Wikidata_URL': 'https://www.wikidata.org/wiki/Q170571'}]",https://www.wikidata.org/wiki/Q111272635
"Panel with Rosebush, Birds, and Deer Pattern",,"Silk, silver and gilded metal wrapped thread; compound twill weave, brocaded",Iran,1949,https://www.metmuseum.org/art/collection/search/450991,"[{'term': 'Roses', 'AAT_URL': 'http://vocab.getty.edu/page/aat/300266246', 'Wikidata_URL': 'https://www.wikidata.org/wiki/Q102231'}, {'term': 'Birds', 'AAT_URL': 'http://vocab.getty.edu/page/aat/300266506', 'Wikidata_URL': 'https://www.wikidata.org/wiki/Q5113'}, {'term': 'Deer', 'AAT_URL': 'http://vocab.getty.edu/page/aat/300250308', 'Wikidata_URL': 'https://www.wikidata.org/wiki/Q685795'}]",
Virgin and Child with Saint Anne,Albrecht Dürer,Oil on linden,,1914,https://www.metmuseum.org/art/collection/search/436244,"[{'term': 'Madonna and Child', 'AAT_URL': 'http://vocab.getty.edu/page/ia/901000052', 'Wikidata_URL': 'https://www.wikidata.org/wiki/Q9309699'}, {'term': 'Saint Anne', 'AAT_URL': 'http://vocab.getty.edu/page/ia/901001010', 'Wikidata_URL': 'https://www.wikidata.org/wiki/Q164294'}]",https://www.wikidata.org/wiki/Q3948737
"Portrait of a Woman, Said to Be Princess Apraxine",Continental Painter,Ivory,,1962,https://www.metmuseum.org/art/collection/search/435933,"[{'term': 'Portraits', 'AAT_URL': 'http://vocab.getty.edu/page/aat/300015637', 'Wikidata_URL': 'https://www.wikidata.org/wiki/Q134307'}, {'term': 'Women', 'AAT_URL': 'http://vocab.getty.edu/page/aat/300025943', 'Wikidata_URL': 'https://www.wikidata.org/wiki/Q467'}]",https://www.wikidata.org/wiki/Q19913972
Evening dress,Weeks,"silk, linen",,2009,https://www.metmuseum.org/art/collection/search/157288,,
Dress,,"silk, metallic",,1953,https://www.metmuseum.org/art/collection/search/83084,,https://www.wikidata.org/wiki/Q100706190
Equivalent No. 314,Alfred Stieglitz,Gelatin silver print,,1987,https://www.metmuseum.org/art/collection/search/265529,"[{'term': 'Clouds', 'AAT_URL': 'http://vocab.getty.edu/page/aat/300343840', 'Wikidata_URL': 'https://www.wikidata.org/wiki/Q8074'}]",
Walking dress,,silk,,1977,https://www.metmuseum.org/art/collection/search/83083,,
Bowl “Deer-Antler Sand”,Gan Erke,"Marbled lacquer (xipi) with gold foils, gold rim",,2021,https://www.metmuseum.org/art/collection/search/838927,,
Bowl “Red Gold”,Gan Erke,"Marbled lacquer (xipi) with gold foils, gold rim",,2021,https://www.metmuseum.org/art/collection/search/838926,,
Vase “Tang Flow”,Gan Erke,Marbled lacquer (xipi) with gold foils,,2021,https://www.metmuseum.org/art/collection/search/838929,,
Ensemble,House of Chanel,"silk, wool",,1984,https://www.metmuseum.org/art/collection/search/81483,"[{'term': 'Flowers', 'AAT_URL': 'http://vocab.getty.edu/page/aat/300132399', 'Wikidata_URL': 'https://www.wikidata.org/wiki/Q506'}]",https://www.wikidata.org/wiki/Q83562840
,,,,,,,
Portrait of a Sufi,,"Ink, opaque watercolor, and gold on paper",India,1957,https://www.metmuseum.org/art/collection/search/451401,"[{'term': 'Men', 'AAT_URL': 'http://vocab.getty.edu/page/aat/300025928', 'Wikidata_URL': 'https://www.wikidata.org/wiki/Q8441'}, {'term': 'Portraits', 'AAT_URL': 'http://vocab.getty.edu/page/aat/300015637', 'Wikidata_URL': 'https://www.wikidata.org/wiki/Q134307'}]",
Toaster,Richard Hamilton,"Offset lithograph in four colors, screenprinted from four stencils with collages metalized polyester",,1979,https://www.metmuseum.org/art/collection/search/394659,,
Ensemble,,"(a, b) cotton
(c) wool",,1960,https://www.metmuseum.org/art/collection/search/94439,,
,,,,,,,
Bo (鈸 ),,Bronze (copper and tin alloy),China,1889,https://www.metmuseum.org/art/collection/search/500589,,
Equilibrio,Carmen Herrera,Acrylic on canvas,,2019,https://www.metmuseum.org/art/collection/search/725932,,https://www.wikidata.org/wiki/Q105811473
,,,,,,,
Dress,Claire McCardell,rayon,,1997,https://www.metmuseum.org/art/collection/search/79573,,https://www.wikidata.org/wiki/Q83562790
Artificial Rock #10,Zhan Wang,Stainless steel,,2006,https://www.metmuseum.org/art/collection/search/73294,,
,,,,,,,
Equivalent,Alfred Stieglitz,Gelatin silver print,,1949,https://www.metmuseum.org/art/collection/search/269404,"[{'term': 'Clouds', 'AAT_URL': 'http://vocab.getty.edu/page/aat/300343840', 'Wikidata_URL': 'https://www.wikidata.org/wiki/Q8074'}]",
Coexistencia (Coexistence),Donna Conlon,"Single-channel digital video, color, sound, 5 min., 26 sec.",,2017,https://www.metmuseum.org/art/collection/search/755083,,
Moses Telling the Israelites to Gather the Manna and Moses Striking the Rock,Giulio Bonasone,Engraving,,2012,https://www.metmuseum.org/art/collection/search/412502,"[{'term': 'Men', 'AAT_URL': 'http://vocab.getty.edu/page/aat/300025928', 'Wikidata_URL': 'https://www.wikidata.org/wiki/Q8441'}, {'term': 'Women', 'AAT_URL': 'http://vocab.getty.edu/page/aat/300025943', 'Wikidata_URL': 'https://www.wikidata.org/wiki/Q467'}, {'term': 'Moses', 'AAT_URL': 'http://vocab.getty.edu/page/ia/901000167', 'Wikidata_URL': 'https://www.wikidata.org/wiki/Q9077'}, {'term': 'Manna', 'AAT_URL': None, 'Wikidata_URL': 'https://www.wikidata.org/wiki/Q241156'}]",
"The Roman Catholic Chapel, Lincoln's Inn Fields",Thomas Rowlandson,Hand-colored etching and aquatint,,1917,https://www.metmuseum.org/art/collection/search/744270,"[{'term': 'Interiors', 'AAT_URL': 'http://vocab.getty.edu/page/aat/300391239', 'Wikidata_URL': 'https://www.wikidata.org/wiki/Q2998430'}, {'term': 'Chapels', 'AAT_URL': 'http://vocab.getty.edu/page/aat/300004590', 'Wikidata_URL': 'https://www.wikidata.org/wiki/Q108325'}]",
Vase,Sèvres Manufactory,Hard-paste porcelain,,1989,https://www.metmuseum.org/art/collection/search/207799,"[{'term': 'Snails', 'AAT_URL': 'http://vocab.getty.edu/page/aat/300249702', 'Wikidata_URL': 'https://www.wikidata.org/wiki/Q308841'}]",https://www.wikidata.org/wiki/Q116400721
Dying Magdalen Sustained by Angels,Claude Mellan,Engraving; third state of three (BN),,1945,https://www.metmuseum.org/art/collection/search/395242,,
"Francesco I d'Este Sustains Himself While on His War Campaign, from ""L'Idea di un Principe ed Eroe Cristiano in Francesco I d'Este, di Modena e Reggio Duca VIII [...]""",Bartolomeo Fenice (Fénis),Etching,Italy,1959,https://www.metmuseum.org/art/collection/search/427045,"[{'term': 'Men', 'AAT_URL': 'http://vocab.getty.edu/page/aat/300025928', 'Wikidata_URL': 'https://www.wikidata.org/wiki/Q8441'}, {'term': 'Dining', 'AAT_URL': 'http://vocab.getty.edu/page/aat/300379052', 'Wikidata_URL': 'https://www.wikidata.org/wiki/Q661199'}]",
Card table,,"Carved walnut frame; pine top with marquetry of walnut, figured walnut, boxwood, alder burl, birch, olive wood, plum, padauk wood, yew, green-stained poplar, and other marquetry woods; lined with modern velvet; iron fittings",,1974,https://www.metmuseum.org/art/collection/search/205741,,https://www.wikidata.org/wiki/Q116242564
The Flagellation,Master of the Berswordt Altar,"Oil, egg(?), and gold on plywood, transferred from wood",,2001,https://www.metmuseum.org/art/collection/search/438466,"[{'term': 'Men', 'AAT_URL': 'http://vocab.getty.edu/page/aat/300025928', 'Wikidata_URL': 'https://www.wikidata.org/wiki/Q8441'}, {'term': 'Christ', 'AAT_URL': 'http://vocab.getty.edu/page/ia/901000087', 'Wikidata_URL': 'https://www.wikidata.org/wiki/Q642420'}, {'term': 'Flagellation', 'AAT_URL': 'http://vocab.getty.edu/page/aat/300404328', 'Wikidata_URL': 'https://www.wikidata.org/wiki/Q2033105'}]",https://www.wikidata.org/wiki/Q19911589
A River in a Meadow,Théodore Rousseau,Oil on wood,,1925,https://www.metmuseum.org/art/collection/search/437518,"[{'term': 'Cows', 'AAT_URL': 'http://vocab.getty.edu/page/aat/300250120', 'Wikidata_URL': 'https://www.wikidata.org/wiki/Q830'}, {'term': 'Rivers', 'AAT_URL': 'http://vocab.getty.edu/page/aat/300008707', 'Wikidata_URL': 'https://www.wikidata.org/wiki/Q4022'}, {'term': 'Landscapes', 'AAT_URL': 'http://vocab.getty.edu/page/aat/300132294', 'Wikidata_URL': 'https://www.wikidata.org/wiki/Q191163'}]",https://www.wikidata.org/wiki/Q19912910
The Crucifixion,Master of the Berswordt Altar,"Oil, egg(?), and gold on plywood, transferred from wood",,1943,https://www.metmuseum.org/art/collection/search/436997,"[{'term': 'Christ', 'AAT_URL': 'http://vocab.getty.edu/page/ia/901000087', 'Wikidata_URL': 'https://www.wikidata.org/wiki/Q642420'}, {'term': 'Mary Magdalene', 'AAT_URL': 'http://vocab.getty.edu/page/ia/901000161', 'Wikidata_URL': 'https://www.wikidata.org/wiki/Q63070'}, {'term': 'Saint John the Evangelist', 'AAT_URL': 'http://vocab.getty.edu/page/ia/901001171', 'Wikidata_URL': 'https://www.wikidata.org/wiki/Q328804'}, {'term': 'Virgin Mary', 'AAT_URL': 'http://vocab.getty.edu/page/ia/901000032', 'Wikidata_URL': 'https://www.wikidata.org/wiki/Q345'}, {'term': 'Women', 'AAT_URL': 'http://vocab.getty.edu/page/aat/300025943', 'Wikidata_URL': 'https://www.wikidata.org/wiki/Q467'}, {'term': 'Crucifixion', 'AAT_URL': 'http://vocab.getty.edu/page/aat/300404300', 'Wikidata_URL': 'https://www.wikidata.org/wiki/Q3235597'}]",https://www.wikidata.org/wiki/Q19911673
Portrait of a Man,Johann Esaias Nilson,Ivory,,1895,https://www.metmuseum.org/art/collection/search/437224,"[{'term': 'Men', 'AAT_URL': 'http://vocab.getty.edu/page/aat/300025928', 'Wikidata_URL': 'https://www.wikidata.org/wiki/Q8441'}, {'term': 'Portraits', 'AAT_URL': 'http://vocab.getty.edu/page/aat/300015637', 'Wikidata_URL': 'https://www.wikidata.org/wiki/Q134307'}]",https://www.wikidata.org/wiki/Q19913852
Wrist rest decorated with long beans,Jin Xiya,Bamboo with intaglio carving rubbed with ink,,2020,https://www.metmuseum.org/art/collection/search/839222,,
Curtain,Associated Artists,"Silk, woven",United States,,https://www.metmuseum.org/art/collection/search/14038,,
Wrist rest decorated with long beans,Jin Xiya,Bamboo carved in relief,,2020,https://www.metmuseum.org/art/collection/search/839223,,https://www.wikidata.org/wiki/Q116445477
Wrist rest decorated with bamboo,Jin Xiya,Bamboo with intaglio carving,,2020,https://www.metmuseum.org/art/collection/search/839220,,https://www.wikidata.org/wiki/Q116445476
Mask (Kifwebe),,"Wood, pigment",Democratic Republic of the Congo,1978,https://www.metmuseum.org/art/collection/search/310919,"[{'term': 'Faces', 'AAT_URL': 'http://vocab.getty.edu/page/aat/300251798', 'Wikidata_URL': 'https://www.wikidata.org/wiki/Q37017'}, {'term': 'Ceremonial Objects', 'AAT_URL': 'http://vocab.getty.edu/page/aat/300234117', 'Wikidata_URL': 'https://www.wikidata.org/wiki/Q56627913'}]",
"Woodcutters at Park Place, Henley, the river Thames beyond",William Havell,"Graphite, watercolor and gouache (bodycolor) with gum arabic and scratching out",,2012,https://www.metmuseum.org/art/collection/search/399141,"[{'term': 'Men', 'AAT_URL': 'http://vocab.getty.edu/page/aat/300025928', 'Wikidata_URL': 'https://www.wikidata.org/wiki/Q8441'}, {'term': 'Women', 'AAT_URL': 'http://vocab.getty.edu/page/aat/300025943', 'Wikidata_URL': 'https://www.wikidata.org/wiki/Q467'}, {'term': 'Forests', 'AAT_URL': 'http://vocab.getty.edu/page/aat/300387598', 'Wikidata_URL': 'https://www.wikidata.org/wiki/Q4421'}, {'term': 'Working', 'AAT_URL': 'http://vocab.getty.edu/page/aat/300412186', 'Wikidata_URL': 'https://www.wikidata.org/wiki/Q6958747'}]",
,,,,,,,
,,,,,,,
,,,,,,,
Stand for a Tenmoku Teabowl,,Wood with red over black lacquer; Negoro ware,,2019,https://www.metmuseum.org/art/collection/search/40277,,
"[Recreations of the Fall of the Paris Commune, titled ""Crimes de la Commune""]",Ernest Eugène Appert,Albumen silver prints from glass negatives,,2012,https://www.metmuseum.org/art/collection/search/302505,"[{'term': 'Paris', 'AAT_URL': 'http://vocab.getty.edu/page/tgn/7008038', 'Wikidata_URL': 'https://www.wikidata.org/wiki/Q90'}, {'term': 'Wars', 'AAT_URL': 'http://vocab.getty.edu/page/aat/300055314', 'Wikidata_URL': 'https://www.wikidata.org/wiki/Q198'}, {'term': 'Soldiers', 'AAT_URL': 'http://vocab.getty.edu/page/aat/300185678', 'Wikidata_URL': 'https://www.wikidata.org/wiki/Q4991371'}, {'term': 'Firearms', 'AAT_URL': 'http://vocab.getty.edu/page/aat/300037148', 'Wikidata_URL': 'https://www.wikidata.org/wiki/Q12796'}, {'term': 'Execution', 'AAT_URL': 'http://vocab.getty.edu/page/aat/300069680', 'Wikidata_URL': 'https://www.wikidata.org/wiki/Q3966286'}]",
Mask (Kifwebe),,"Wood, pigment",Democratic Republic of the Congo,1979,https://www.metmuseum.org/art/collection/search/312287,"[{'term': 'Faces', 'AAT_URL': 'http://vocab.getty.edu/page/aat/300251798', 'Wikidata_URL': 'https://www.wikidata.org/wiki/Q37017'}]",
"Prison des Chantiers, le 15 août 1871, Versailles",Ernest Eugène Appert,Albumen silver print from glass negative,,2012,https://www.metmuseum.org/art/collection/search/702001,"[{'term': 'Wars', 'AAT_URL': 'http://vocab.getty.edu/page/aat/300055314', 'Wikidata_URL': 'https://www.wikidata.org/wiki/Q198'}, {'term': 'Soldiers', 'AAT_URL': 'http://vocab.getty.edu/page/aat/300185678', 'Wikidata_URL': 'https://www.wikidata.org/wiki/Q4991371'}, {'term': 'Men', 'AAT_URL': 'http://vocab.getty.edu/page/aat/300025928', 'Wikidata_URL': 'https://www.wikidata.org/wiki/Q8441'}, {'term': 'Women', 'AAT_URL': 'http://vocab.getty.edu/page/aat/300025943', 'Wikidata_URL': 'https://www.wikidata.org/wiki/Q467'}]",
"Exécution des otages, prison de la Roquette, le 24 mai 1871",Ernest Eugène Appert,Albumen silver print from glass negative,,2012,https://www.metmuseum.org/art/collection/search/702000,"[{'term': 'Wars', 'AAT_URL': 'http://vocab.getty.edu/page/aat/300055314', 'Wikidata_URL': 'https://www.wikidata.org/wiki/Q198'}, {'term': 'Men', 'AAT_URL': 'http://vocab.getty.edu/page/aat/300025928', 'Wikidata_URL': 'https://www.wikidata.org/wiki/Q8441'}, {'term': 'Execution', 'AAT_URL': 'http://vocab.getty.edu/page/aat/300069680', 'Wikidata_URL': 'https://www.wikidata.org/wiki/Q3966286'}]",
"Calendar page, May 1927",Rudolph Ruzicka,Typographic materials,,1927,https://www.metmuseum.org/art/collection/search/849866,"[{'term': 'Horses', 'AAT_URL': 'http://vocab.getty.edu/page/aat/300250148', 'Wikidata_URL': 'https://www.wikidata.org/wiki/Q726'}]",
"Carved fan, water pavilion by a pine bluff and calligraphy",Jin Xiya,Folding fan; ink and color on paper with carved bamboo frame,,2020,https://www.metmuseum.org/art/collection/search/839230,,https://www.wikidata.org/wiki/Q126119376
Fibula pin,,Bronze,,1978,https://www.metmuseum.org/art/collection/search/326399,,
"Massacre des dominicains d'Arcueil, route d'Italie no. 38, le 25 mai 1871, à 4 heures et demie",Ernest Eugène Appert,Albumen silver print from glass negative,,2012,https://www.metmuseum.org/art/collection/search/701997,"[{'term': 'Wars', 'AAT_URL': 'http://vocab.getty.edu/page/aat/300055314', 'Wikidata_URL': 'https://www.wikidata.org/wiki/Q198'}, {'term': 'Massacres', 'AAT_URL': 'http://vocab.getty.edu/page/aat/300379188', 'Wikidata_URL': 'https://www.wikidata.org/wiki/Q3199915'}, {'term': 'Men', 'AAT_URL': 'http://vocab.getty.edu/page/aat/300025928', 'Wikidata_URL': 'https://www.wikidata.org/wiki/Q8441'}]",
"Assassinat des généraux Clément Tomas et Jules Lecomte, rue des Rosiers 6 à Montmartre deans la journée du 18 mars 1871",Ernest Eugène Appert,Albumen silver print from glass negative,,2012,https://www.metmuseum.org/art/collection/search/701977,"[{'term': 'Wars', 'AAT_URL': 'http://vocab.getty.edu/page/aat/300055314', 'Wikidata_URL': 'https://www.wikidata.org/wiki/Q198'}, {'term': 'Men', 'AAT_URL': 'http://vocab.getty.edu/page/aat/300025928', 'Wikidata_URL': 'https://www.wikidata.org/wiki/Q8441'}]",
"Rice Culture, or Sowing and Reaping",Unidentified artist,Handscroll; ink and color on silk,,2005,https://www.metmuseum.org/art/collection/search/72769,"[{'term': 'Men', 'AAT_URL': 'http://vocab.getty.edu/page/aat/300025928', 'Wikidata_URL': 'https://www.wikidata.org/wiki/Q8441'}, {'term': 'Working', 'AAT_URL': 'http://vocab.getty.edu/page/aat/300412186', 'Wikidata_URL': 'https://www.wikidata.org/wiki/Q6958747'}, {'term': 'Farmers', 'AAT_URL': 'http://vocab.getty.edu/page/aat/300025607', 'Wikidata_URL': 'https://www.wikidata.org/wiki/Q131512'}]",https://www.wikidata.org/wiki/Q78713346
Bathing suit,,wool,,1979,https://www.metmuseum.org/art/collection/search/86436,,https://www.wikidata.org/wiki/Q105100578
Dress,Yohji Yamamoto,"wool, metal",,2014,https://www.metmuseum.org/art/collection/search/657429,,
Bead,,Glass,,1974,https://www.metmuseum.org/art/collection/search/326155,,
Yueqin (月琴),,"Rosewood, wu-tong (paulownia) wood, and gut",China,1889,https://www.metmuseum.org/art/collection/search/500626,,
Seated Hercules in the act of shooting at the stymphalian birds,Vittore Gambello,Bronze,,1964,https://www.metmuseum.org/art/collection/search/204504,"[{'term': 'Hercules', 'AAT_URL': 'http://vocab.getty.edu/page/ia/901000042', 'Wikidata_URL': 'https://www.wikidata.org/wiki/Q122248'}]",https://www.wikidata.org/wiki/Q116306785
Untitled,David Levinthal,Gelatin silver print,,1997,https://www.metmuseum.org/art/collection/search/271942,"[{'term': 'Battles', 'AAT_URL': 'http://vocab.getty.edu/page/aat/300185692', 'Wikidata_URL': 'https://www.wikidata.org/wiki/Q178561'}, {'term': 'Toys', 'AAT_URL': 'http://vocab.getty.edu/page/aat/300211037', 'Wikidata_URL': 'https://www.wikidata.org/wiki/Q11422'}]",
Untitled,David Levinthal,Gelatin silver print,,1997,https://www.metmuseum.org/art/collection/search/271944,"[{'term': 'Soldiers', 'AAT_URL': 'http://vocab.getty.edu/page/aat/300185678', 'Wikidata_URL': 'https://www.wikidata.org/wiki/Q4991371'}, {'term': 'Firearms', 'AAT_URL': 'http://vocab.getty.edu/page/aat/300037148', 'Wikidata_URL': 'https://www.wikidata.org/wiki/Q12796'}]",
Untitled,David Levinthal,Gelatin silver print,,1997,https://www.metmuseum.org/art/collection/search/271945,"[{'term': 'Soldiers', 'AAT_URL': 'http://vocab.getty.edu/page/aat/300185678', 'Wikidata_URL': 'https://www.wikidata.org/wiki/Q4991371'}]",
Scene from a Novella,Liberale da Verona,Tempera on wood,,1986,https://www.metmuseum.org/art/collection/search/436885,"[{'term': 'Men', 'AAT_URL': 'http://vocab.getty.edu/page/aat/300025928', 'Wikidata_URL': 'https://www.wikidata.org/wiki/Q8441'}, {'term': 'Women', 'AAT_URL': 'http://vocab.getty.edu/page/aat/300025943', 'Wikidata_URL': 'https://www.wikidata.org/wiki/Q467'}]",https://www.wikidata.org/wiki/Q20166938
The Chess Players,Liberale da Verona,Tempera on wood,,1943,https://www.metmuseum.org/art/collection/search/436884,"[{'term': 'Men', 'AAT_URL': 'http://vocab.getty.edu/page/aat/300025928', 'Wikidata_URL': 'https://www.wikidata.org/wiki/Q8441'}, {'term': 'Women', 'AAT_URL': 'http://vocab.getty.edu/page/aat/300025943', 'Wikidata_URL': 'https://www.wikidata.org/wiki/Q467'}, {'term': 'Chess', 'AAT_URL': 'http://vocab.getty.edu/page/aat/300222748', 'Wikidata_URL': 'https://www.wikidata.org/wiki/Q718'}]",https://www.wikidata.org/wiki/Q19911685
Girl Resting,George Segal,Plaster-soaked fabric,,2024,https://www.metmuseum.org/art/collection/search/904873,,
"""One Sustaining Spirit Supports Her–It is Gin"": The Engilsh Squaw, from Our London Scrapbook (Harper's, New Monthly Magazine, July 1873, p. 319)",Edwin Austin Abbey,"Woodblock with graphite, cut for a wood engraving",,1946,https://www.metmuseum.org/art/collection/search/385603,,
The Crucifixion; The Last Judgment,Jan van Eyck,"Oil on canvas, transferred from wood",,1933,https://www.metmuseum.org/art/collection/search/436282,"[{'term': 'Angels', 'AAT_URL': 'http://vocab.getty.edu/page/aat/300379004', 'Wikidata_URL': 'https://www.wikidata.org/wiki/Q235113'}, {'term': 'Christ', 'AAT_URL': 'http://vocab.getty.edu/page/ia/901000087', 'Wikidata_URL': 'https://www.wikidata.org/wiki/Q642420'}, {'term': 'Virgin Mary', 'AAT_URL': 'http://vocab.getty.edu/page/ia/901000032', 'Wikidata_URL': 'https://www.wikidata.org/wiki/Q345'}, {'term': 'Skeletons', 'AAT_URL': 'http://vocab.getty.edu/page/aat/300191778', 'Wikidata_URL': 'https://www.wikidata.org/wiki/Q7881'}, {'term': 'Men', 'AAT_URL': 'http://vocab.getty.edu/page/aat/300025928', 'Wikidata_URL': 'https://www.wikidata.org/wiki/Q8441'}, {'term': 'Mary Magdalene', 'AAT_URL': 'http://vocab.getty.edu/page/ia/901000161', 'Wikidata_URL': 'https://www.wikidata.org/wiki/Q63070'}, {'term': 'Crucifixion', 'AAT_URL': 'http://vocab.getty.edu/page/aat/300404300', 'Wikidata_URL': 'https://www.wikidata.org/wiki/Q3235597'}, {'term': 'Last Judgement', 'AAT_URL': 'http://vocab.getty.edu/page/ia/901001027', 'Wikidata_URL': 'https://www.wikidata.org/wiki/Q1821239'}]",https://www.wikidata.org/wiki/Q574004
Sassafras Linen Press,Byrdcliffe Arts and Crafts Colony,"Watercolor, colored pencil, and black ink, over graphite",,1991,https://www.metmuseum.org/art/collection/search/404896,"[{'term': 'Cabinets', 'AAT_URL': 'http://vocab.getty.edu/page/aat/300038888', 'Wikidata_URL': 'https://www.wikidata.org/wiki/Q2741056'}]",
Walking suit,"Lucile Ltd., New York",silk,,2009,https://www.metmuseum.org/art/collection/search/174593,,
Sherd,,Ceramic,,1969,https://www.metmuseum.org/art/collection/search/325996,,
Cosmetic stick (?),,Bronze,,1978,https://www.metmuseum.org/art/collection/search/326398,,
,,,,,,,
Frances Wright of Nashoba,Charles Joseph Hullmandel,Lithograph,,1883,https://www.metmuseum.org/art/collection/search/852838,"[{'term': 'Portraits', 'AAT_URL': 'http://vocab.getty.edu/page/aat/300015637', 'Wikidata_URL': 'https://www.wikidata.org/wiki/Q134307'}, {'term': 'Horses', 'AAT_URL': 'http://vocab.getty.edu/page/aat/300250148', 'Wikidata_URL': 'https://www.wikidata.org/wiki/Q726'}, {'term': 'Women', 'AAT_URL': 'http://vocab.getty.edu/page/aat/300025943', 'Wikidata_URL': 'https://www.wikidata.org/wiki/Q467'}]",
Chasuble with the Gathering of the Manna,Hieronymus (Jerome) Wierix,"Wool, silk, linen (16-18 warps per inch, 6-7 per cm.)",,1954,https://www.metmuseum.org/art/collection/search/227765,"[{'term': 'Manna', 'AAT_URL': None, 'Wikidata_URL': 'https://www.wikidata.org/wiki/Q241156'}, {'term': 'Men', 'AAT_URL': 'http://vocab.getty.edu/page/aat/300025928', 'Wikidata_URL': 'https://www.wikidata.org/wiki/Q8441'}, {'term': 'Women', 'AAT_URL': 'http://vocab.getty.edu/page/aat/300025943', 'Wikidata_URL': 'https://www.wikidata.org/wiki/Q467'}, {'term': 'Coat of Arms', 'AAT_URL': 'http://vocab.getty.edu/page/aat/300126352', 'Wikidata_URL': 'https://www.wikidata.org/wiki/Q14659'}]",
French Horn. Unwound. Hanging,Claes Oldenburg,Charcoal and pastel on paper,,2024,https://www.metmuseum.org/art/collection/search/904846,,
"David Young and Unknown Man, Newhaven",Hill and Adamson,Salted paper print from paper negative,,2013,https://www.metmuseum.org/art/collection/search/306226,"[{'term': 'Men', 'AAT_URL': 'http://vocab.getty.edu/page/aat/300025928', 'Wikidata_URL': 'https://www.wikidata.org/wiki/Q8441'}, {'term': 'Portraits', 'AAT_URL': 'http://vocab.getty.edu/page/aat/300015637', 'Wikidata_URL': 'https://www.wikidata.org/wiki/Q134307'}]",
"Outline Drawing of ""Sassafras Linen Press""",Byrdcliffe Arts and Crafts Colony,Graphite,,1991,https://www.metmuseum.org/art/collection/search/404907,"[{'term': 'Furniture', 'AAT_URL': 'http://vocab.getty.edu/page/aat/300037680', 'Wikidata_URL': 'https://www.wikidata.org/wiki/Q14745'}]",
Groupe dans le parc du château de La Faloise,Edouard Baldus,Salted paper print from glass negative,,2005,https://www.metmuseum.org/art/collection/search/283131,"[{'term': 'Gardens', 'AAT_URL': 'http://vocab.getty.edu/page/aat/300008090', 'Wikidata_URL': 'https://www.wikidata.org/wiki/Q1107656'}, {'term': 'Men', 'AAT_URL': 'http://vocab.getty.edu/page/aat/300025928', 'Wikidata_URL': 'https://www.wikidata.org/wiki/Q8441'}, {'term': 'Women', 'AAT_URL': 'http://vocab.getty.edu/page/aat/300025943', 'Wikidata_URL': 'https://www.wikidata.org/wiki/Q467'}]",https://www.wikidata.org/wiki/Q96998420
Prose Poem on Fishing,Zhu Yunming,Handscroll; ink on gold-flecked paper,,1989,https://www.metmuseum.org/art/collection/search/45749,"[{'term': 'Poetry', 'AAT_URL': 'http://vocab.getty.edu/page/aat/300055931', 'Wikidata_URL': 'https://www.wikidata.org/wiki/Q482'}]",
Seated Dervish,,Ink and watercolor on paper,Iran,1945,https://www.metmuseum.org/art/collection/search/450594,"[{'term': 'Men', 'AAT_URL': 'http://vocab.getty.edu/page/aat/300025928', 'Wikidata_URL': 'https://www.wikidata.org/wiki/Q8441'}]",
Chair back and seat cover,Séguin et Cie,Brocaded silk,,1928,https://www.metmuseum.org/art/collection/search/222132,"[{'term': 'Flowers', 'AAT_URL': 'http://vocab.getty.edu/page/aat/300132399', 'Wikidata_URL': 'https://www.wikidata.org/wiki/Q506'}]",
Grand Piano,John Broadwood & Sons,Wood and various materials,England,1980,https://www.metmuseum.org/art/collection/search/504295,,
Chamber Organ,Samuel Green,"Mahogany, cloth, ivory, ebony, brass",United Kingdom,1993,https://www.metmuseum.org/art/collection/search/503447,,
David and Goliath,Francesco Fanelli,Bronze,,1982,https://www.metmuseum.org/art/collection/search/207021,"[{'term': 'Swords', 'AAT_URL': 'http://vocab.getty.edu/page/aat/300037048', 'Wikidata_URL': 'https://www.wikidata.org/wiki/Q12791'}, {'term': 'David', 'AAT_URL': 'http://vocab.getty.edu/page/ia/901001014', 'Wikidata_URL': 'https://www.wikidata.org/wiki/Q41370'}]",https://www.wikidata.org/wiki/Q116307580
Horse figurine,,Ceramic,,1969,https://www.metmuseum.org/art/collection/search/325974,"[{'term': 'Horses', 'AAT_URL': 'http://vocab.getty.edu/page/aat/300250148', 'Wikidata_URL': 'https://www.wikidata.org/wiki/Q726'}]",
Handle,,Ceramic,,1969,https://www.metmuseum.org/art/collection/search/325998,,
Two-handled jar,,Ceramic,,1969,https://www.metmuseum.org/art/collection/search/325976,,
Bowl,,Ceramic,,1969,https://www.metmuseum.org/art/collection/search/325971,,
Shallow bowl,,Ceramic,,1974,https://www.metmuseum.org/art/collection/search/326152,,
Two-handled jar,,Ceramic,,1974,https://www.metmuseum.org/art/collection/search/326151,,
Bowl,,Ceramic,,1974,https://www.metmuseum.org/art/collection/search/326153,,
Small jar,,Ceramic,,1974,https://www.metmuseum.org/art/collection/search/326154,,
,,,,,,,
Funerary Carving (Malagan),,"Wood, paint, shell, resin",Papua New Guinea,2007,https://www.metmuseum.org/art/collection/search/319853,"[{'term': 'Human Figures', 'AAT_URL': 'http://vocab.getty.edu/page/aat/300404114', 'Wikidata_URL': 'https://www.wikidata.org/wiki/Q5937779'}, {'term': 'Fish', 'AAT_URL': 'http://vocab.getty.edu/page/aat/300266085', 'Wikidata_URL': 'https://www.wikidata.org/wiki/Q152'}, {'term': 'Birds', 'AAT_URL': 'http://vocab.getty.edu/page/aat/300266506', 'Wikidata_URL': 'https://www.wikidata.org/wiki/Q5113'}]",
"[Women Grinding Paint, Calcutta]",Unknown,Daguerreotype,,2005,https://www.metmuseum.org/art/collection/search/283160,"[{'term': 'Women', 'AAT_URL': 'http://vocab.getty.edu/page/aat/300025943', 'Wikidata_URL': 'https://www.wikidata.org/wiki/Q467'}, {'term': 'Working', 'AAT_URL': 'http://vocab.getty.edu/page/aat/300412186', 'Wikidata_URL': 'https://www.wikidata.org/wiki/Q6958747'}]",https://www.wikidata.org/wiki/Q96803013
Architectural Ornament,,"Wood, paint.",Indonesia,2013,https://www.metmuseum.org/art/collection/search/626669,,
,,,,,,,
,,,,,,,
Pipe Organ,Richard M. Ferris,"Wood, metal, various materials",United States,1986,https://www.metmuseum.org/art/collection/search/500527,,
Handle,,Ceramic,,1969,https://www.metmuseum.org/art/collection/search/325973,,
"Trastevere, Rome",Mario De Biasi,Gelatin silver print,,2018,https://www.metmuseum.org/art/collection/search/771695,"[{'term': 'Portraits', 'AAT_URL': 'http://vocab.getty.edu/page/aat/300015637', 'Wikidata_URL': 'https://www.wikidata.org/wiki/Q134307'}, {'term': 'Women', 'AAT_URL': 'http://vocab.getty.edu/page/aat/300025943', 'Wikidata_URL': 'https://www.wikidata.org/wiki/Q467'}]",
Christ Blessing,Gerard David,Oil on wood,,2009,https://www.metmuseum.org/art/collection/search/439327,"[{'term': 'Christ', 'AAT_URL': 'http://vocab.getty.edu/page/ia/901000087', 'Wikidata_URL': 'https://www.wikidata.org/wiki/Q642420'}]",https://www.wikidata.org/wiki/Q19911527
,,,,,,,
"St. Cecilia, Playing the Organ",Gerrit Pietersz. Sweelink,Etching; second state of two,,1949,https://www.metmuseum.org/art/collection/search/749845,,
Cento Favole Morali (100 moral fables),Giovanni Maria Verdizotti,Printed book with woodcut illustrations,,1948,https://www.metmuseum.org/art/collection/search/358343,"[{'term': 'Birds', 'AAT_URL': 'http://vocab.getty.edu/page/aat/300266506', 'Wikidata_URL': 'https://www.wikidata.org/wiki/Q5113'}, {'term': 'Serpents', 'AAT_URL': 'http://vocab.getty.edu/page/aat/300417734', 'Wikidata_URL': 'https://www.wikidata.org/wiki/Q2102'}]",
Rim sherd,,Ceramic,,1969,https://www.metmuseum.org/art/collection/search/325999,,
Bowl,,Bronze,,1969,https://www.metmuseum.org/art/collection/search/325970,,
Beak spout,,Ceramic,,1969,https://www.metmuseum.org/art/collection/search/325997,,
Spouted jar,,Ceramic,,1974,https://www.metmuseum.org/art/collection/search/326149,,
Two-handled jar,,Ceramic,,1974,https://www.metmuseum.org/art/collection/search/326150,,
Jar,,Ceramic,,1978,https://www.metmuseum.org/art/collection/search/326454,,
Ornament (Sipattal),Isneg artist,"Shell, glass, copper alloy, silver alloy, horn, fiber",Philippines,1999,https://www.metmuseum.org/art/collection/search/318050,,
Fibula,,Bronze,,1969,https://www.metmuseum.org/art/collection/search/325969,,
Beaker with heads and toads,Lambayeque (Sicán) artist(s),Gold,Peru,1966,https://www.metmuseum.org/art/collection/search/309415,"[{'term': 'Faces', 'AAT_URL': 'http://vocab.getty.edu/page/aat/300251798', 'Wikidata_URL': 'https://www.wikidata.org/wiki/Q37017'}, {'term': 'Frogs', 'AAT_URL': 'http://vocab.getty.edu/page/aat/300250018', 'Wikidata_URL': 'https://www.wikidata.org/wiki/Q3116510'}]",
Beaker with heads and toads,Lambayeque (Sicán) artist(s),Gold,Peru,1966,https://www.metmuseum.org/art/collection/search/309416,"[{'term': 'Faces', 'AAT_URL': 'http://vocab.getty.edu/page/aat/300251798', 'Wikidata_URL': 'https://www.wikidata.org/wiki/Q37017'}, {'term': 'Frogs', 'AAT_URL': 'http://vocab.getty.edu/page/aat/300250018', 'Wikidata_URL': 'https://www.wikidata.org/wiki/Q3116510'}]",
Coil,,Silver,,1969,https://www.metmuseum.org/art/collection/search/325966,,https://www.wikidata.org/wiki/Q116282398
Coil,,Silver,,1969,https://www.metmuseum.org/art/collection/search/325965,,https://www.wikidata.org/wiki/Q116282395
Coil,,Silver,,1969,https://www.metmuseum.org/art/collection/search/325963,,https://www.wikidata.org/wiki/Q116282396
Ingot,,Silver,,1969,https://www.metmuseum.org/art/collection/search/325968,,https://www.wikidata.org/wiki/Q116282393
Coil,,Silver,,1969,https://www.metmuseum.org/art/collection/search/325964,,https://www.wikidata.org/wiki/Q116282397
Coil,,Silver,,1969,https://www.metmuseum.org/art/collection/search/325967,,https://www.wikidata.org/wiki/Q116407980
Spiral bead,,Silver,,1969,https://www.metmuseum.org/art/collection/search/325960,,https://www.wikidata.org/wiki/Q116282401
Spiral bead,,Silver,,1969,https://www.metmuseum.org/art/collection/search/325959,,https://www.wikidata.org/wiki/Q116282403
Spiral bead,,Silver,,1969,https://www.metmuseum.org/art/collection/search/325961,,https://www.wikidata.org/wiki/Q116282400
Earring,,Silver,,1969,https://www.metmuseum.org/art/collection/search/325962,,https://www.wikidata.org/wiki/Q116282399
Coil,,Silver,,1978,https://www.metmuseum.org/art/collection/search/326396,,https://www.wikidata.org/wiki/Q116236546
Coil,,Silver,,1978,https://www.metmuseum.org/art/collection/search/326397,,https://www.wikidata.org/wiki/Q116236544
Dagger (Katar),,"Steel, silver",,1936,https://www.metmuseum.org/art/collection/search/24305,,
Funerary Carving (Malagan),,"Wood, paint, shell, fiber",Papua New Guinea,1979,https://www.metmuseum.org/art/collection/search/313662,,
Canoe Prow Ornament (Mani),,"Wood, paint",Indonesia,1978,https://www.metmuseum.org/art/collection/search/311946,"[{'term': 'Birds', 'AAT_URL': 'http://vocab.getty.edu/page/aat/300266506', 'Wikidata_URL': 'https://www.wikidata.org/wiki/Q5113'}]",
Bridge-spouted jar,,Ceramic,,1974,https://www.metmuseum.org/art/collection/search/326148,,
Young Women in a Landscape with Architectural Fragments,Hubert Robert,"Pen and brown ink, brush and brown, gray, and blue wash, over red chalk counterproof",,1959,https://www.metmuseum.org/art/collection/search/339695,"[{'term': 'Women', 'AAT_URL': 'http://vocab.getty.edu/page/aat/300025943', 'Wikidata_URL': 'https://www.wikidata.org/wiki/Q467'}, {'term': 'Landscapes', 'AAT_URL': 'http://vocab.getty.edu/page/aat/300132294', 'Wikidata_URL': 'https://www.wikidata.org/wiki/Q191163'}, {'term': 'Trees', 'AAT_URL': 'http://vocab.getty.edu/page/aat/300132410', 'Wikidata_URL': 'https://www.wikidata.org/wiki/Q10884'}]",
Beaker with rattle,Lambayeque (Sicán) artist(s),"Gold, turquoise, resin",Peru,1991,https://www.metmuseum.org/art/collection/search/316433,,
Memory Board (Lukasa),,Wood,Democratic Republic of Congo,1977,https://www.metmuseum.org/art/collection/search/690570,,
Funerary Carving (Malagan),,"Wood, paint, fiber",Papua New Guinea,1978,https://www.metmuseum.org/art/collection/search/311158,,
Four Carnival Musicians,Zurich Pottery and Porcelain Factory,Soft-paste porcelain,,1982,https://www.metmuseum.org/art/collection/search/207335,"[{'term': 'Men', 'AAT_URL': 'http://vocab.getty.edu/page/aat/300025928', 'Wikidata_URL': 'https://www.wikidata.org/wiki/Q8441'}, {'term': 'Violins', 'AAT_URL': 'http://vocab.getty.edu/page/aat/300042215', 'Wikidata_URL': 'https://www.wikidata.org/wiki/Q8355'}, {'term': 'Musicians', 'AAT_URL': 'http://vocab.getty.edu/page/aat/300025666', 'Wikidata_URL': 'https://www.wikidata.org/wiki/Q639669'}, {'term': 'Cellos', 'AAT_URL': 'http://vocab.getty.edu/page/aat/300209202', 'Wikidata_URL': 'https://www.wikidata.org/wiki/Q8371'}]",
Lotus,Wu Xizai,Hanging scroll; ink and color on paper,,1986,https://www.metmuseum.org/art/collection/search/49450,,
Spiral pendant,,Silver,,1969,https://www.metmuseum.org/art/collection/search/325958,,https://www.wikidata.org/wiki/Q116282402
,,,,,,,
Chamber Organ,William Crowell,"Wood, various materials",United States,1974,https://www.metmuseum.org/art/collection/search/504265,,
Paccha (ritual vessel),Inca artist(s),"Ceramic, slip",Peru,1986,https://www.metmuseum.org/art/collection/search/314954,,https://www.wikidata.org/wiki/Q116407029
Chamber Organ,Unknown,"Wood, various materials",Germany,1889,https://www.metmuseum.org/art/collection/search/503904,,
Paccha (ritual vessel),Inca artist(s),"Ceramic, slip",Peru,1986,https://www.metmuseum.org/art/collection/search/314955,"[{'term': 'Corn', 'AAT_URL': 'http://vocab.getty.edu/page/aat/300375397', 'Wikidata_URL': 'https://www.wikidata.org/wiki/Q11575'}]",
The New Wright Plane,Charles Nesensohn,Gelatin silver print,,1993,https://www.metmuseum.org/art/collection/search/266948,,
The Abolitionists in the Park,Nicole Eisenman,Oil on canvas,,2022,https://www.metmuseum.org/art/collection/search/875741,,https://www.wikidata.org/wiki/Q116445658
Chamber Organ,Thomas Chapman,Various materials,United Kingdom,1889,https://www.metmuseum.org/art/collection/search/502327,,
Deep Roots,Syd Carpenter,Earthenware,,2020,https://www.metmuseum.org/art/collection/search/828118,,
The Crucifixion with Donors and Saints Peter and Margaret of Antioch,Cornelis Engebrechtsz,Oil on wood,,1888,https://www.metmuseum.org/art/collection/search/436271,"[{'term': 'Men', 'AAT_URL': 'http://vocab.getty.edu/page/aat/300025928', 'Wikidata_URL': 'https://www.wikidata.org/wiki/Q8441'}, {'term': 'Women', 'AAT_URL': 'http://vocab.getty.edu/page/aat/300025943', 'Wikidata_URL': 'https://www.wikidata.org/wiki/Q467'}, {'term': 'Saint Peter', 'AAT_URL': 'http://vocab.getty.edu/page/ia/901000056', 'Wikidata_URL': 'https://www.wikidata.org/wiki/Q33923'}, {'term': 'Crucifixion', 'AAT_URL': 'http://vocab.getty.edu/page/aat/300404300', 'Wikidata_URL': 'https://www.wikidata.org/wiki/Q3235597'}]",https://www.wikidata.org/wiki/Q19912208
Majnun in the Wilderness,,"Ink, transparent watercolor, and gold on paper",Iran,1945,https://www.metmuseum.org/art/collection/search/450588,"[{'term': 'Deer', 'AAT_URL': 'http://vocab.getty.edu/page/aat/300250308', 'Wikidata_URL': 'https://www.wikidata.org/wiki/Q685795'}, {'term': 'Rabbits', 'AAT_URL': 'http://vocab.getty.edu/page/aat/300250218', 'Wikidata_URL': 'https://www.wikidata.org/wiki/Q9394'}, {'term': 'Foxes', 'AAT_URL': 'http://vocab.getty.edu/page/aat/300266520', 'Wikidata_URL': 'https://www.wikidata.org/wiki/Q8331'}, {'term': 'Men', 'AAT_URL': 'http://vocab.getty.edu/page/aat/300025928', 'Wikidata_URL': 'https://www.wikidata.org/wiki/Q8441'}]",
The Bay of Naples,Auguste Renoir,Oil on canvas,,1956,https://www.metmuseum.org/art/collection/search/437427,"[{'term': 'Seas', 'AAT_URL': 'http://vocab.getty.edu/page/aat/300008694', 'Wikidata_URL': 'https://www.wikidata.org/wiki/Q165'}, {'term': 'Mountains', 'AAT_URL': 'http://vocab.getty.edu/page/aat/300008795', 'Wikidata_URL': 'https://www.wikidata.org/wiki/Q8502'}, {'term': 'Boats', 'AAT_URL': 'http://vocab.getty.edu/page/aat/300178749', 'Wikidata_URL': 'https://www.wikidata.org/wiki/Q35872'}]",https://www.wikidata.org/wiki/Q19912270
"Aeronautic Experiment Made at Versailles on September 19, 1783","Anonymous, German, 18th century","Etching, hand-colored",,1962,https://www.metmuseum.org/art/collection/search/361968,,
,Ernest Eugène Appert,Albumen silver print from glass negative,,2012,https://www.metmuseum.org/art/collection/search/702004,,
,Ernest Eugène Appert,Albumen silver print from glass negative,,2012,https://www.metmuseum.org/art/collection/search/701991,,
,Ernest Eugène Appert,Albumen silver print from glass negative,,2012,https://www.metmuseum.org/art/collection/search/701999,,
,Ernest Eugène Appert,Albumen silver print from glass negative,,2012,https://www.metmuseum.org/art/collection/search/701995,,
,Ernest Eugène Appert,Albumen silver print from glass negative,,2012,https://www.metmuseum.org/art/collection/search/701996,,
,Ernest Eugène Appert,Albumen silver print from glass negative,,2012,https://www.metmuseum.org/art/collection/search/701998,,
,Ernest Eugène Appert,Albumen silver print from glass negative,,2012,https://www.metmuseum.org/art/collection/search/702002,,
,Ernest Eugène Appert,Albumen silver print from glass negative,,2012,https://www.metmuseum.org/art/collection/search/701992,,
,Ernest Eugène Appert,Albumen silver print from glass negative,,2012,https://www.metmuseum.org/art/collection/search/702003,,
,Ernest Eugène Appert,Albumen silver print from glass negative,,2012,https://www.metmuseum.org/art/collection/search/701994,,
Pear-shaped ornament design with Diana in a small temple and grotesque motifs on a black ground,Etienne Delaune,Engraving: first state,,1922,https://www.metmuseum.org/art/collection/search/751273,,
"Antoine Laurent Lavoisier (1743–1794) and Marie Anne Lavoisier (Marie Anne Pierrette Paulze, 1758–1836)",Jacques Louis David,Oil on canvas,,1977,https://www.metmuseum.org/art/collection/search/436106,"[{'term': 'Couples', 'AAT_URL': 'http://vocab.getty.edu/page/aat/300379217', 'Wikidata_URL': 'https://www.wikidata.org/wiki/Q219160'}, {'term': 'Men', 'AAT_URL': 'http://vocab.getty.edu/page/aat/300025928', 'Wikidata_URL': 'https://www.wikidata.org/wiki/Q8441'}, {'term': 'Portraits', 'AAT_URL': 'http://vocab.getty.edu/page/aat/300015637', 'Wikidata_URL': 'https://www.wikidata.org/wiki/Q134307'}, {'term': 'Women', 'AAT_URL': 'http://vocab.getty.edu/page/aat/300025943', 'Wikidata_URL': 'https://www.wikidata.org/wiki/Q467'}, {'term': 'Scientists', 'AAT_URL': 'http://vocab.getty.edu/page/aat/300025788', 'Wikidata_URL': 'https://www.wikidata.org/wiki/Q901'}, {'term': 'Chemistry', 'AAT_URL': 'http://vocab.getty.edu/page/aat/300054537', 'Wikidata_URL': 'https://www.wikidata.org/wiki/Q2329'}]",https://www.wikidata.org/wiki/Q613928
Ancestral Women at Yunala,Yukultji Napangati,Synthetic polymer paint on canvas,,2019,https://www.metmuseum.org/art/collection/search/823230,,https://www.wikidata.org/wiki/Q126119674
Crucifix,,Brass,Angola,1999,https://www.metmuseum.org/art/collection/search/318320,"[{'term': 'Cross', 'AAT_URL': 'http://vocab.getty.edu/page/aat/300235443', 'Wikidata_URL': 'https://www.wikidata.org/wiki/Q40843'}, {'term': 'Crucifixion', 'AAT_URL': 'http://vocab.getty.edu/page/aat/300404300', 'Wikidata_URL': 'https://www.wikidata.org/wiki/Q3235597'}, {'term': 'Christ', 'AAT_URL': 'http://vocab.getty.edu/page/ia/901000087', 'Wikidata_URL': 'https://www.wikidata.org/wiki/Q642420'}]",
Lightning and the Rock,Nonggirrnga Marawili,Earth pigments on bark,Australia,2019,https://www.metmuseum.org/art/collection/search/822572,,https://www.wikidata.org/wiki/Q96756934
Lightning and the Rock,Nonggirrnga Marawili,Earth pigments on bark,Australia,2019,https://www.metmuseum.org/art/collection/search/822575,,https://www.wikidata.org/wiki/Q96756937
Lightning and the Rock,Nonggirrnga Marawili,Earth pigments on bark,Australia,2019,https://www.metmuseum.org/art/collection/search/822573,,https://www.wikidata.org/wiki/Q96756935
Lightning and the Rock,Nonggirrnga Marawili,Earth pigments on bark,,2019,https://www.metmuseum.org/art/collection/search/822574,,https://www.wikidata.org/wiki/Q96756936
Accident Investigation Site,Miles Coolidge,Chromogenic print,,2006,https://www.metmuseum.org/art/collection/search/287286,,
Photograph of windows,Louis C. Tiffany,Photograph,United States,1967,https://www.metmuseum.org/art/collection/search/17308,,
New Classic of Mountains and Seas I,Qiu Anxiong,Portfolio of twelve woodblock prints; ink on paper,,2013,https://www.metmuseum.org/art/collection/search/78470,"[{'term': 'Birds', 'AAT_URL': 'http://vocab.getty.edu/page/aat/300266506', 'Wikidata_URL': 'https://www.wikidata.org/wiki/Q5113'}, {'term': 'Cows', 'AAT_URL': 'http://vocab.getty.edu/page/aat/300250120', 'Wikidata_URL': 'https://www.wikidata.org/wiki/Q830'}, {'term': 'Mountains', 'AAT_URL': 'http://vocab.getty.edu/page/aat/300008795', 'Wikidata_URL': 'https://www.wikidata.org/wiki/Q8502'}, {'term': 'Trees', 'AAT_URL': 'http://vocab.getty.edu/page/aat/300132410', 'Wikidata_URL': 'https://www.wikidata.org/wiki/Q10884'}]",
Nose Ornament with Spiders,,Gold,Peru,1979,https://www.metmuseum.org/art/collection/search/313364,"[{'term': 'Spiders', 'AAT_URL': 'http://vocab.getty.edu/page/aat/300249715', 'Wikidata_URL': 'https://www.wikidata.org/wiki/Q1357'}]",
Lacquered Pen Box  (Qalamdan),Manohar,"Papier-maché; painted, gilded, and lacquered",,2002,https://www.metmuseum.org/art/collection/search/454353,"[{'term': 'Men', 'AAT_URL': 'http://vocab.getty.edu/page/aat/300025928', 'Wikidata_URL': 'https://www.wikidata.org/wiki/Q8441'}, {'term': 'Women', 'AAT_URL': 'http://vocab.getty.edu/page/aat/300025943', 'Wikidata_URL': 'https://www.wikidata.org/wiki/Q467'}, {'term': 'Deer', 'AAT_URL': 'http://vocab.getty.edu/page/aat/300250308', 'Wikidata_URL': 'https://www.wikidata.org/wiki/Q685795'}]",
A Boy with a Cat—Morning,Thomas Gainsborough,Oil on canvas,,1889,https://www.metmuseum.org/art/collection/search/436433,"[{'term': 'Boys', 'AAT_URL': 'http://vocab.getty.edu/page/aat/300247598', 'Wikidata_URL': 'https://www.wikidata.org/wiki/Q3010'}, {'term': 'Cats', 'AAT_URL': 'http://vocab.getty.edu/page/aat/300265960', 'Wikidata_URL': 'https://www.wikidata.org/wiki/Q146'}]",https://www.wikidata.org/wiki/Q19905061
Carpet,,"Silk (warp and weft), wool (pile), metal wrapped thread; asymmetricaly knotted thread, brocaded",Iran,1917,https://www.metmuseum.org/art/collection/search/446951,"[{'term': 'Arabic', 'AAT_URL': 'http://vocab.getty.edu/page/aat/300387843', 'Wikidata_URL': 'https://www.wikidata.org/wiki/Q13955'}, {'term': 'Flowers', 'AAT_URL': 'http://vocab.getty.edu/page/aat/300132399', 'Wikidata_URL': 'https://www.wikidata.org/wiki/Q506'}]",
Textile with Musicians,,"Silk, gilt animal substrate around a silk core; lampas",Spain,1928,https://www.metmuseum.org/art/collection/search/448222,"[{'term': 'Women', 'AAT_URL': 'http://vocab.getty.edu/page/aat/300025943', 'Wikidata_URL': 'https://www.wikidata.org/wiki/Q467'}, {'term': 'Musicians', 'AAT_URL': 'http://vocab.getty.edu/page/aat/300025666', 'Wikidata_URL': 'https://www.wikidata.org/wiki/Q639669'}]",
John Gray (1731–1811) of Newholm,Sir Henry Raeburn,Oil on canvas,,1960,https://www.metmuseum.org/art/collection/search/437359,"[{'term': 'Men', 'AAT_URL': 'http://vocab.getty.edu/page/aat/300025928', 'Wikidata_URL': 'https://www.wikidata.org/wiki/Q8441'}, {'term': 'Portraits', 'AAT_URL': 'http://vocab.getty.edu/page/aat/300015637', 'Wikidata_URL': 'https://www.wikidata.org/wiki/Q134307'}]",https://www.wikidata.org/wiki/Q19914238
"Artillery, Musician",Oliver H. Willard,Albumen silver print from glass negative with applied color,,2010,https://www.metmuseum.org/art/collection/search/291652,"[{'term': 'Army', 'AAT_URL': 'http://vocab.getty.edu/page/aat/300137542', 'Wikidata_URL': 'https://www.wikidata.org/wiki/Q37726'}, {'term': 'Drums', 'AAT_URL': 'http://vocab.getty.edu/page/aat/300041729', 'Wikidata_URL': 'https://www.wikidata.org/wiki/Q11404'}, {'term': 'Musicians', 'AAT_URL': 'http://vocab.getty.edu/page/aat/300025666', 'Wikidata_URL': 'https://www.wikidata.org/wiki/Q639669'}, {'term': 'American Civil War', 'AAT_URL': 'http://vocab.getty.edu/page/ia/901000030', 'Wikidata_URL': 'https://www.wikidata.org/wiki/Q8676'}]",https://www.wikidata.org/wiki/Q97581144
"Ordnance, Private",Oliver H. Willard,Albumen silver print from glass negative with applied color,,2010,https://www.metmuseum.org/art/collection/search/291654,"[{'term': 'Army', 'AAT_URL': 'http://vocab.getty.edu/page/aat/300137542', 'Wikidata_URL': 'https://www.wikidata.org/wiki/Q37726'}, {'term': 'Soldiers', 'AAT_URL': 'http://vocab.getty.edu/page/aat/300185678', 'Wikidata_URL': 'https://www.wikidata.org/wiki/Q4991371'}, {'term': 'Firearms', 'AAT_URL': 'http://vocab.getty.edu/page/aat/300037148', 'Wikidata_URL': 'https://www.wikidata.org/wiki/Q12796'}, {'term': 'Men', 'AAT_URL': 'http://vocab.getty.edu/page/aat/300025928', 'Wikidata_URL': 'https://www.wikidata.org/wiki/Q8441'}, {'term': 'Portraits', 'AAT_URL': 'http://vocab.getty.edu/page/aat/300015637', 'Wikidata_URL': 'https://www.wikidata.org/wiki/Q134307'}, {'term': 'Drums', 'AAT_URL': 'http://vocab.getty.edu/page/aat/300041729', 'Wikidata_URL': 'https://www.wikidata.org/wiki/Q11404'}, {'term': 'American Civil War', 'AAT_URL': 'http://vocab.getty.edu/page/ia/901000030', 'Wikidata_URL': 'https://www.wikidata.org/wiki/Q8676'}]",https://www.wikidata.org/wiki/Q97581148
[Newhaven Fishermen],Hill and Adamson,Salted paper print from paper negative,,1946,https://www.metmuseum.org/art/collection/search/268933,,
"Studio d'Arts Décoratifs, 3e Série, Pl. 5, Six Dessins à tons très soutenus",Nicolas Sorokine,"Pochoir, commercial photo process, hand-colored",France,1991,https://www.metmuseum.org/art/collection/search/727762,,
Anthropomorphic Bead,,Gold (cast),Colombia,1974,https://www.metmuseum.org/art/collection/search/309972,"[{'term': 'Faces', 'AAT_URL': 'http://vocab.getty.edu/page/aat/300251798', 'Wikidata_URL': 'https://www.wikidata.org/wiki/Q37017'}]",
Pair of Ear Ornaments,,Gold,Colombia,2008,https://www.metmuseum.org/art/collection/search/320324,,
"Artillery, Quartermaster Sergeant",Oliver H. Willard,Albumen silver print from glass negative with applied color,,2010,https://www.metmuseum.org/art/collection/search/291651,"[{'term': 'Army', 'AAT_URL': 'http://vocab.getty.edu/page/aat/300137542', 'Wikidata_URL': 'https://www.wikidata.org/wiki/Q37726'}, {'term': 'Soldiers', 'AAT_URL': 'http://vocab.getty.edu/page/aat/300185678', 'Wikidata_URL': 'https://www.wikidata.org/wiki/Q4991371'}, {'term': 'Men', 'AAT_URL': 'http://vocab.getty.edu/page/aat/300025928', 'Wikidata_URL': 'https://www.wikidata.org/wiki/Q8441'}, {'term': 'Portraits', 'AAT_URL': 'http://vocab.getty.edu/page/aat/300015637', 'Wikidata_URL': 'https://www.wikidata.org/wiki/Q134307'}, {'term': 'American Civil War', 'AAT_URL': 'http://vocab.getty.edu/page/ia/901000030', 'Wikidata_URL': 'https://www.wikidata.org/wiki/Q8676'}]",https://www.wikidata.org/wiki/Q97581143
"Fatigue, Marching Order",Oliver H. Willard,Albumen silver print from glass negative with applied color,,2010,https://www.metmuseum.org/art/collection/search/291655,"[{'term': 'Army', 'AAT_URL': 'http://vocab.getty.edu/page/aat/300137542', 'Wikidata_URL': 'https://www.wikidata.org/wiki/Q37726'}, {'term': 'Soldiers', 'AAT_URL': 'http://vocab.getty.edu/page/aat/300185678', 'Wikidata_URL': 'https://www.wikidata.org/wiki/Q4991371'}, {'term': 'Firearms', 'AAT_URL': 'http://vocab.getty.edu/page/aat/300037148', 'Wikidata_URL': 'https://www.wikidata.org/wiki/Q12796'}, {'term': 'Portraits', 'AAT_URL': 'http://vocab.getty.edu/page/aat/300015637', 'Wikidata_URL': 'https://www.wikidata.org/wiki/Q134307'}, {'term': 'American Civil War', 'AAT_URL': 'http://vocab.getty.edu/page/ia/901000030', 'Wikidata_URL': 'https://www.wikidata.org/wiki/Q8676'}]",https://www.wikidata.org/wiki/Q97581149
"Light Artillery, Sergeant Major",Oliver H. Willard,Albumen silver print from glass negative with applied color,,2010,https://www.metmuseum.org/art/collection/search/291653,"[{'term': 'Army', 'AAT_URL': 'http://vocab.getty.edu/page/aat/300137542', 'Wikidata_URL': 'https://www.wikidata.org/wiki/Q37726'}, {'term': 'Soldiers', 'AAT_URL': 'http://vocab.getty.edu/page/aat/300185678', 'Wikidata_URL': 'https://www.wikidata.org/wiki/Q4991371'}, {'term': 'Men', 'AAT_URL': 'http://vocab.getty.edu/page/aat/300025928', 'Wikidata_URL': 'https://www.wikidata.org/wiki/Q8441'}, {'term': 'American Civil War', 'AAT_URL': 'http://vocab.getty.edu/page/ia/901000030', 'Wikidata_URL': 'https://www.wikidata.org/wiki/Q8676'}]",https://www.wikidata.org/wiki/Q97581147
Hamilton's Floating Battery Moored at the End of Sullivan's Island the Night Before They Opened Fire upon Fort Sumter,Alma A. Pelot,Albumen silver print from glass negative,,2005,https://www.metmuseum.org/art/collection/search/302667,"[{'term': 'American Civil War', 'AAT_URL': 'http://vocab.getty.edu/page/ia/901000030', 'Wikidata_URL': 'https://www.wikidata.org/wiki/Q8676'}]",https://www.wikidata.org/wiki/Q97581413
Chamber Organ,,"Wood, various materials",United States,1989,https://www.metmuseum.org/art/collection/search/504608,,
"The Famous Battle Between Thomas Johnson and Michael Ryan, February 11, 1789",Thomas Rowlandson,Hand-colored etching,,1959,https://www.metmuseum.org/art/collection/search/786189,"[{'term': 'Men', 'AAT_URL': 'http://vocab.getty.edu/page/aat/300025928', 'Wikidata_URL': 'https://www.wikidata.org/wiki/Q8441'}, {'term': 'Spectators', 'AAT_URL': 'http://vocab.getty.edu/page/aat/300189768', 'Wikidata_URL': 'https://www.wikidata.org/wiki/Q63443976'}, {'term': 'Boxing', 'AAT_URL': 'http://vocab.getty.edu/page/aat/300374825', 'Wikidata_URL': 'https://www.wikidata.org/wiki/Q32112'}, {'term': 'Athletes', 'AAT_URL': 'http://vocab.getty.edu/page/aat/300236025', 'Wikidata_URL': 'https://www.wikidata.org/wiki/Q2066131'}]",
Cottage Door,Hill and Adamson,Salted paper print from paper negative,,2005,https://www.metmuseum.org/art/collection/search/283073,,
Ode on Returning Home,Qian Xuan,"Handscroll; ink, color, and gold on paper",,1913,https://www.metmuseum.org/art/collection/search/40311,"[{'term': 'Men', 'AAT_URL': 'http://vocab.getty.edu/page/aat/300025928', 'Wikidata_URL': 'https://www.wikidata.org/wiki/Q8441'}, {'term': 'Boats', 'AAT_URL': 'http://vocab.getty.edu/page/aat/300178749', 'Wikidata_URL': 'https://www.wikidata.org/wiki/Q35872'}, {'term': 'Landscapes', 'AAT_URL': 'http://vocab.getty.edu/page/aat/300132294', 'Wikidata_URL': 'https://www.wikidata.org/wiki/Q191163'}]",https://www.wikidata.org/wiki/Q78861096
Portrait of a Woman,Netherlandish Painter,Oil on wood,,1969,https://www.metmuseum.org/art/collection/search/437207,"[{'term': 'Portraits', 'AAT_URL': 'http://vocab.getty.edu/page/aat/300015637', 'Wikidata_URL': 'https://www.wikidata.org/wiki/Q134307'}, {'term': 'Women', 'AAT_URL': 'http://vocab.getty.edu/page/aat/300025943', 'Wikidata_URL': 'https://www.wikidata.org/wiki/Q467'}]",https://www.wikidata.org/wiki/Q19912656
Chamber Organ,George Clisbee,"Wood, various materials",United States,1949,https://www.metmuseum.org/art/collection/search/503042,,
Le Vrai et le Faux Chic,Georges Goursat [Sem],plates: color lithographs,,1962,https://www.metmuseum.org/art/collection/search/368003,,
Blood Will Tell,Currier & Ives,Hand-colored lithograph with gum arabic,,1963,https://www.metmuseum.org/art/collection/search/420674,,
Two men wrestling,Ferdinando Tacca,"Bronze, on later stone base",,1978,https://www.metmuseum.org/art/collection/search/206759,"[{'term': 'Men', 'AAT_URL': 'http://vocab.getty.edu/page/aat/300025928', 'Wikidata_URL': 'https://www.wikidata.org/wiki/Q8441'}]",
Two women wrestling,Ferdinando Tacca,"Bronze, on later stone base",,1978,https://www.metmuseum.org/art/collection/search/206758,"[{'term': 'Female Nudes', 'AAT_URL': 'http://vocab.getty.edu/page/aat/300189568', 'Wikidata_URL': 'https://www.wikidata.org/wiki/Q40446'}]",
"Page from Kelley's Weekly Bulletin advertising the Our Navy series (D62), issued by the Kelley Baking Company",Kelley Baking Company,Commercial color lithograph,,1963,https://www.metmuseum.org/art/collection/search/684855,,
Hercules and Cacus (?),,Bronze,,1941,https://www.metmuseum.org/art/collection/search/198799,"[{'term': 'Hercules', 'AAT_URL': 'http://vocab.getty.edu/page/ia/901000042', 'Wikidata_URL': 'https://www.wikidata.org/wiki/Q122248'}]",
Martin Luther (1483–1546),Lucas Cranach the Elder,Oil on wood,,1955,https://www.metmuseum.org/art/collection/search/436047,"[{'term': 'Martin Luther', 'AAT_URL': 'http://vocab.getty.edu/page/ulan/500321766', 'Wikidata_URL': 'https://www.wikidata.org/wiki/Q9554'}, {'term': 'Men', 'AAT_URL': 'http://vocab.getty.edu/page/aat/300025928', 'Wikidata_URL': 'https://www.wikidata.org/wiki/Q8441'}, {'term': 'Portraits', 'AAT_URL': 'http://vocab.getty.edu/page/aat/300015637', 'Wikidata_URL': 'https://www.wikidata.org/wiki/Q134307'}]",https://www.wikidata.org/wiki/Q19911719
Side Chair (one of a pair),Thomas Chippendale,Mahogany; tent stitch embroidery on canvas,,1964,https://www.metmuseum.org/art/collection/search/837980,,
Side chair (one of a pair),Thomas Chippendale,Mahogany; tent stitch embroidery on canvas,,1964,https://www.metmuseum.org/art/collection/search/203749,,
Adam and Eve in the Garden of Eden and Genesis Scenes [School piece or Penmanship sheet],Edward Langley,Etching and engraving with pen and ink,,1967,https://www.metmuseum.org/art/collection/search/888338,,
Seated Faun,"Andrea Briosco, called Riccio",Bronze,,1964,https://www.metmuseum.org/art/collection/search/203915,"[{'term': 'Male Nudes', 'AAT_URL': 'http://vocab.getty.edu/page/aat/300189568', 'Wikidata_URL': 'https://www.wikidata.org/wiki/Q40446'}]",
Portrait of a Young Woman,Jean Antoine Laurent,Ivory,,1925,https://www.metmuseum.org/art/collection/search/436848,"[{'term': 'Portraits', 'AAT_URL': 'http://vocab.getty.edu/page/aat/300015637', 'Wikidata_URL': 'https://www.wikidata.org/wiki/Q134307'}, {'term': 'Women', 'AAT_URL': 'http://vocab.getty.edu/page/aat/300025943', 'Wikidata_URL': 'https://www.wikidata.org/wiki/Q467'}]",https://www.wikidata.org/wiki/Q19913816
The Vestal,Sir Joshua Reynolds,Stipple engraving; third state,,1924,https://www.metmuseum.org/art/collection/search/362751,,
"Clipper Ship ""Comet"" of New York in a Hurricane off Bermuda on her Voyage from New York to San Francisco, October 1852",Charles Parsons,Hand-colored lithograph,,1951,https://www.metmuseum.org/art/collection/search/761306,,
